set,tier,name,traits,apiName,desc
0,1-Silver,Augmented Power,,TFT_Augment_PowerUp,Your next augment is one tier higher.
0,1-Silver,Backup,,TFT_Augment_Backup,Your team gains 11% Attack Speed if at least 4 allies start combat in the back two rows.
0,1-Silver,Backup Bows,,TFT_Augment_ComponentQuestBow,"Gain a Recurve Bow. After your team attacks 1000 times, gain 2 more. Attacks: [TFTUnitProperty.item:TFT_Augment_ComponentQuest_Tracker]"
0,1-Silver,Backup Bows,,TFT_Augment_ComponentQuestBow_PAIRS,"Gain a Recurve Bow. After your team attacks 1200 times, gain 2 more. Attacks: [TFTUnitProperty.item:TFT_Augment_ComponentQuest_Tracker]"
0,1-Silver,Beggars Can Be Choosers,,TFT_Augment_BeggarsCanBeChoosers,You get +3 Augment rerolls for all other augment choices. Gain 7 gold.
0,1-Silver,Blacksmith Training,,TFT_Augment_BlacksmithTraining,"Whenever you build an item, gain a completed item anvil instead. That anvil always offers the item built + 2 other options. Gain a random component."
0,1-Silver,Boxing Lessons,,TFT_Augment_BoxingLessons,Your team gains 30 Health for each ally that starts combat in the front row.
0,1-Silver,Branching Out,,TFT_Augment_BranchingOut,Gain a random Emblem.
0,1-Silver,Branching Out+,,TFT_Augment_BranchingOutPlus,Gain a random Emblem and a Reforger. Reforgers allow you to remake any item.
0,1-Silver,Bulking Up I,,TFT_Augment_BulkingUp1,"Your team gains 35 Health. After each round, they gain 8 more. (Current Health: [TFTUnitProperty.item:TFT_BulkingUp1Rounds])"
0,1-Silver,Bulky Buddies I,,TFT_Augment_BulkyBuddies1,"Allies that start combat next to exactly 1 other ally gain 100 Health. When that champion dies, the other gains a 10% max Health Shield for 10 seconds."
0,1-Silver,Bulwark,,TFTTutorial_Augment_FrontRowHealth1,Combat start: Your champions in the front 2 rows gain 100 Health.
0,1-Silver,Called Shot,,TFT_Augment_CalledShot,Set your win streak to 4. Gain 4 gold.
0,1-Silver,Carve a Path,,TFT_Augment_ComponentQuestSword_PAIRS,"Gain a B.F. Sword. After your team deals 82000 physical damage, gain 2 more. Damage dealt: [TFTUnitProperty.item:TFT_Augment_ComponentQuest_Tracker]"
0,1-Silver,Carve a Path,,TFT_Augment_ComponentQuestSword,"Gain a B.F. Sword. After your team deals 65000 physical damage, gain 2 more. Damage dealt: [TFTUnitProperty.item:TFT_Augment_ComponentQuest_Tracker]"
0,1-Silver,Chaotic Evolution,,TFT_Augment_ChaosEvolution,"Starring up a champion grants them one of the following: 100 Health, 5% Durability, 10% Ability Power, 10% Attack Damage, 10% Attack Speed. Bonuses stack."
0,1-Silver,Charge Transfer I,,TFT_Augment_ChargeTransfer1,Your team gains 7% Damage Amp. 50% of overkill damage is dealt to the nearest enemy as magic damage.
0,1-Silver,Climb The Ladder I,,TFT_Augment_ClimbTheLadder1,"Each time an ally dies, allies that share at least one trait with them gain 3.5% Ability Power, 3.5% Attack Damage, 3.5 Armor, and 3.5 Magic Resist."
0,1-Silver,Cognitive Tax,,TFT_Augment_CognitiveTax,Gain 8 gold and 1 XP.
0,1-Silver,Cognitive Tax+,,TFT_Augment_CognitiveTaxPlus,Gain 12 gold and 3 XP.
0,1-Silver,Combat Bandages I,,TFT_Augment_DawnbringersBlessing1,"The first time each ally unit falls below 60.0% health, they restore 100-[flathealing3] health (based on stage) over 2.5 seconds."
0,1-Silver,Continuous Conjuration,,TFT_Augment_ComponentQuestRod,"Gain a Needlessly Large Rod. After your team deals 42000 magic damage, gain 2 more. Damage dealt: [TFTUnitProperty.item:TFT_Augment_ComponentQuest_Tracker]"
0,1-Silver,Continuous Conjuration,,TFT_Augment_ComponentQuestRod_PAIRS,"Gain a Needlessly Large Rod. After your team deals 45000 magic damage, gain 2 more. Damage dealt: [TFTUnitProperty.item:TFT_Augment_ComponentQuest_Tracker]"
0,1-Silver,Corrosion,,TFT_Augment_Corrosion,Enemies in the first two rows lose 4 Armor and Magic Resist every 2 seconds.
0,1-Silver,Crafted Crafting,,TFT_Augment_CraftedCrafting,"Whenever you craft a completed item, gain 2 rerolls."
0,1-Silver,Critical Success,,TFT_Augment_ComponentQuestGlove_PAIRS,"Gain a Sparring Glove. After your team's attacks critically strike 385 times, gain 2 more. Critical strikes: [TFTUnitProperty.item:TFT_Augment_ComponentQuest_Tracker]"
0,1-Silver,Critical Success,,TFT_Augment_ComponentQuestGlove,"Gain a Sparring Glove. After your team's attacks critically strike 320 times, gain 2 more. Critical strikes: [TFTUnitProperty.item:TFT_Augment_ComponentQuest_Tracker]"
0,1-Silver,Crossfire,,TFT_Augment_Crossfire1,"Enemies take 5% damage as bonus true damage, increased by 0% up to 25% every time they take damage."
0,1-Silver,Delayed Shipment,,TFT_Augment_DelayedShipment,"After 10 player combats, choose one of the following Artifacts: Manazane, Sniper's Focus, Hullcrusher. Rounds remaining: [TFTUnitProperty.item:TFT_Augment_DelayedShipment_Counter]"
0,1-Silver,Delayed Start,,TFT_Augment_HeadStart,Sell your board and bench. Gain 4 random 2-star [tier]-cost champions. Disable your Shop for the next [roundstoskip] rounds.
0,1-Silver,Diversified Portfolio,,TFT_Augment_DiversifiedPortfolio1,"Gain 1 gold. Each round, gain 1 gold for every 3 non-unique traits active. Gold Bonus: [TFTUnitProperty.item:TFT_Augment_DiversifiedPortfolio_GoldReturned]"
0,1-Silver,Diversified Portfolio+,,TFT_Augment_DiversifiedPortfolio2,"Gain 4 gold. Each round, gain 1 gold for every 3 non-unique traits active. Gold Bonus: [TFTUnitProperty.item:TFT_Augment_DiversifiedPortfolio_GoldReturned]"
0,1-Silver,Dummify,,TFT_Augment_Dummify,Lose all champions on your board and bench. Gain a Training Dummy with 60% of their combined Health. The Training Dummy gains 1000 Health per stage. Gain a non-Tank 2-star 2-cost champion.
0,1-Silver,Efficient Shopper,,TFT_Augment_EfficientShopper,"For the next 4 carousels, gain a second copy of the champion taken. Gain 4 gold now."
0,1-Silver,Efficient Shopper II,,TFT_Augment_EfficientShopper2,"For the next 3 carousels, gain a second copy of the champion taken and its item. Gain 2 gold now."
0,1-Silver,Expedition,,TFT_Augment_Expedition,"At the start of every round, lose the champion in the rightmost bench slot. After losing 33 gold of champions in this way, gain a powerful reward. Gain a 3-cost champion now. [TFTUnitProperty.item:TFT_Augment_Expedition_Tooltip]"
0,1-Silver,Extra Buckles,,TFT_Augment_ComponentQuestBelt_PAIRS,"Gain a Giant's Belt. After your team takes 90000 damage, gain 2 more. Damage taken: [TFTUnitProperty.item:TFT_Augment_ComponentQuest_Tracker]"
0,1-Silver,Extra Buckles,,TFT_Augment_ComponentQuestBelt,"Gain a Giant's Belt. After your team takes 75000 damage, gain 2 more. Damage taken: [TFTUnitProperty.item:TFT_Augment_ComponentQuest_Tracker]"
0,1-Silver,Eye For An Eye,,TFT_Augment_EyeForAnEye,"For every 15 ally champions that die, gain a random component (max 3). Deaths Remaining: [TFTUnitProperty.item:TFT_Augment_EyeForAnEyeDeaths]"
0,1-Silver,Eye For An Eye+,,TFT_Augment_EyeForAnEyePlus,"Gain a random component. For every 18 ally champions that die, gain another component (max 2). Deaths Remaining: [TFTUnitProperty.item:TFT_Augment_EyeForAnEyeDeaths]"
0,1-Silver,Feeling Lucky,,TFT_Augment_FeelingLucky,"Gain 12 gold, then flip a coin. If heads, gain 4 more gold. [TFTUnitProperty.item:TFT_Augment_FeelingLucky_Tooltip]"
0,1-Silver,Final Resistance,,TFT_Augment_FinalResistance,"Each time an allied champion dies, 30% Shred and Sunder the nearest 4 enemies for 6 seconds. Shred: reduces Magic Resist, Sunder: reduces Armor"
0,1-Silver,Find Your Center,,TFT_Augment_FindYourCenter,Your champion that starts combat in the center of the front row gains 15% Damage Amp and 25% max Health.
0,1-Silver,Firesale,,TFT_Augment_FiresalePlus,"Each round, steal a random 3-cost or lower champion from the shop. Gain 1 gold."
0,1-Silver,Firesale,,TFT_Augment_Firesale,"Each round, steal a random [CostLimit]-cost or lower champion from the shop. Gain 1 gold."
0,1-Silver,Flowing Tears,,TFT_Augment_ComponentQuestTear_PAIRS,"Gain a Tear of the Goddess. After your team spends 7800 Mana, gain 2 more. Mana spent: [TFTUnitProperty.item:TFT_Augment_ComponentQuest_Tracker]"
0,1-Silver,Flowing Tears,,TFT_Augment_ComponentQuestTear,"Gain a Tear of the Goddess. After your team spends 6500 Mana, gain 2 more. Mana spent: [TFTUnitProperty.item:TFT_Augment_ComponentQuest_Tracker]"
0,1-Silver,Focused Fire,,TFT_Augment_MarksMan,"Your team gains 10% Attack Damage. Every 5 seconds, they gain 5% more."
0,1-Silver,Glass Cannon I,,TFT_Augment_GlassCannonI,Allies that start combat in the back row begin combat at 80.0% Health but gain 15% Damage Amp.
0,1-Silver,Group Hug I,,TFT_Augment_GroupHug1,Combat start: Allies grant other adjacent allies 6 Armor and Magic Resist. This effect stacks.
0,1-Silver,Health is Wealth I,,TFT_Augment_WealthyRehab1,Your team gains 10% Omnivamp. Get a bonus of 8 gold when your team first accumulates 10000 total champion healing. Total Healing: [TFTUnitProperty.item:TFT_Augment_WealthyRehabHealing]
0,1-Silver,Instant Gratification,,TFT_Augment_InstantGratification,The first copy of each unlockable 1- 3 cost champion you purchase is upgraded to 2-star. Gain 8 gold.
0,1-Silver,Item Collector I,,TFT_Augment_ItemCollector1,"For each unique item they are holding, your team gains 0% Attack Damage and 1% Ability Power."
0,1-Silver,Item Ladder,,TFT_Augment_ItemLadder,Gain a temporary item that unequips and transforms at the start of each round. The item quality increases each Stage.
0,1-Silver,Kick Start,,TFT_Augment_KickStart,Gain a random 2-star 2-cost champion and 1 gold.
0,1-Silver,Kingslayer,,TFT_Augment_Kingslayer,"Now and after every player combat, gain 1 gold. If you win against a player who had more health than you, gain 6 gold instead."
0,1-Silver,Lineup,,TFT_Augment_Lineup,Your team gains 2 Armor and Magic Resist for each ally that starts combat in the front two rows.
0,1-Silver,Lit Fuse,,TFT_Augment_Incoming,Allies that start in the back two rows split 60 total Mana after 6 seconds of combat.
0,1-Silver,Lone Hero,,TFT_Augment_LoneHero,Your last surviving champion gains 140.0% Attack Speed and 34% Durability
0,1-Silver,Manaflow I,,TFT_Augment_Manaflow1,Your allies that start combat in the back row gain 2 additional Mana per attack.
0,1-Silver,Mentorship I,,TFT_Augment_Mentorship1,"If an ally starts combat next to a higher-cost ally, it gains 10% Attack Speed and 100 Health."
0,1-Silver,On The House,,TFT_Augment_OnTheHouse,"Whenever you star up a champion, gain [gold] gold. Gain 4 gold now."
0,1-Silver,On a Roll,,TFT_Augment_Waverider,"Whenever you star up a champion that you fielded last combat, gain [NumRolls] free Shop rerolls. Gain 6 gold."
0,1-Silver,One For All I,,TFT_Augment_AllForOneI,Your team gains 1% max Health and 0% Damage Amp for each unique one-cost champion on your board. Gain 2 one-costs.
0,1-Silver,Page of Swords,,TFT_Augment_PageOfSwords,Gain 2 B.F. Swords.
0,1-Silver,Patience is a Virtue,,TFT_Augment_PatienceIsAVirtue,"Gain 4 rerolls now. Each round, gain 1 free rerolls if you did not buy a champion last round."
0,1-Silver,Petricite Armor I,,TFT_Augment_PetriciteArmorI,Your team takes 9% reduced damage from champion abilities.
0,1-Silver,Placebo,,TFT_Augment_Placebo,Your team gains 0% Attack Speed. Gain 8 gold.
0,1-Silver,Placebo+,,TFT_Augment_PlaceboPlus,Your team gains 0% Attack Speed. Gain 14 gold.
0,1-Silver,Pocket Recombobulator,,TFT_Augment_PocketRecombobulator,"Get 2 Pocket Recombobulators, a consumable that transforms a 1 or 2-cost champion into one of a higher cost. They keep their Star level. Also receive 2 Reforgers."
0,1-Silver,Precise Planning,,TFT_Augment_PerfectLoss,"When you win or lose combat by 4 or fewer units, gain [GoldToGive] gold next round."
0,1-Silver,Precise Smithing,,TFT_Augment_PreciseSmithing,"Reforging items and Artifacts grants an anvil of the same value instead. Gain 1 component and 2 reforger now, and 1 reforgers every stage. Includes components and Radiant Items, but does not affect Emblems or Tactician's Items."
0,1-Silver,Reroll Transfer,,TFT_Augment_RerollTransfer,"For every 1 unused Augment Reroll, gain 3 free shop rerolls. Gain 1 gold. Does not include the round this augment is selected."
0,1-Silver,Restart Mission,,TFT_Augment_RestartMission,"Remove all champions on your board and bench. Gain 2 random 2-star 3-costs, 2 2-star 2-costs, and 1 2-star 1-cost champion."
0,1-Silver,Rigged Shop,,TFT_Augment_RiggedShop,Your next shop and every [NumRolls] shops will contain all 3-cost champions.
0,1-Silver,Rigged Shop+,,TFT_Augment_RiggedShopPlus,Your next shop and every [NumRolls] shops will contain all 3-cost champions. Gain 5 rerolls.
0,1-Silver,Silver Destiny,,TFT_Augment_SilverDestiny,Gain a random Silver Augment and 2 gold.
0,1-Silver,Silver Destiny+,,TFT_Augment_SilverDestinyPlus,Gain a random Silver Augment and 4 gold.
0,1-Silver,Silver Destiny++,,TFT_Augment_SilverDestinyPlusPlus,Gain a random Silver Augment and 7 gold.
0,1-Silver,Size Matters,,TFT_Augment_SizeMatters,"Gain a Giant's Belt. After a champion starts combat with more than [HealthRequired] max Health, gain a Warmog's Armor."
0,1-Silver,Slice of Life,,TFT_Augment_SliceOfLife,"Twice per stage, gain a random champion. Its cost increases by Stage. This effect ends after receiving 1 5-cost champion."
0,1-Silver,Slightly Magic Roll,,TFT_Augment_MagicRollMinus,Roll a die. Gain rewards based on the number rolled. Reward: [TFTUnitProperty.item:TFT_Augment_MagicRoll]
0,1-Silver,Small Grab Bag,,TFT_Augment_SmallGrabBag,Gain 2 random item components.
0,1-Silver,Splash Zone,,TFTTutorial_Augment_FrontRowMana1,Combat start: Your champions in the front 2 rows gain 20 Mana.
0,1-Silver,Stock Market,,TFT_Augment_StockMarket,"At the start of every stage, the cost of each unit tier shuffles."
0,1-Silver,Superstars I,,TFT_Augment_SuperstarsSilver,"Your team deals 5% more damage, increased by 1% for every 3-star champion on your team. Gain 2 rerolls. Bonus: [TFTUnitProperty.item:TFT_Augment_SuperstarsTotalDamageBonus]%"
0,1-Silver,Support Mining,,TFT_Augment_SupportMining,"Gain a Training Dummy. When it dies 8 times, gain a random Support Item and remove the Training Dummy."
0,1-Silver,Support Mining+,,TFT_Augment_SupportMiningPlus,"Gain a Training Dummy. When it dies 7 times, gain a random Support Item and remove the Training Dummy."
0,1-Silver,Survivor,,TFT_Augment_Survivor,"Gain 4 gold. After 3 players are eliminated, gain 100 more gold."
0,1-Silver,Swift Strike,,TFTTutorial_Augment_BackRowAS1,Combat start: Your champions in the back 2 rows gain 20 Attack Speed.
0,1-Silver,Table Scraps,,TFT_Augment_TableScraps,"After the next 2 carousels, gain one champion that was not taken and its item. Gain 1 gold."
0,1-Silver,The Tower,,TFT_Augment_TheTower,"Gain a giant Training Dummy with increased Health (increases with Stage). Every 4 seconds, it zaps the 3 nearest enemies dealing 5% max Health true damage."
0,1-Silver,Titanic Titan,,TFT_Augment_TitanicTitan,"Increase your current and max player Health by 25. On carousel rounds you are released earlier, but are much slower."
0,1-Silver,Twin Guardians,,TFT_Augment_TwinGuardians,"If you have exactly 2 allies in your first row, grant them 100 bonus Health, 35 Armor, and 35 Magic Resist."
0,2-Gold,3 Threes,,TFT_Augment_ThreeThrees,Gain 3 random 2-star 3-cost champions and 3 gold.
0,2-Gold,A Golden Quest,,TFT_Augment_GoldenQuest,"The first time you have [GoldRequired] or more gold, gain a 2-star 5-cost champion and 2 items tailored to them."
0,2-Gold,A Magic Roll,,TFT_Augment_MagicRoll,Roll 3 dice. Gain rewards based on their total. Reward: [TFTUnitProperty.item:TFT_Augment_MagicRoll]
0,2-Gold,A Story of Seven,,TFT_Augment_StoryOfSeven,"Collect Golden Balls by defeating players in combat. Collect all 7 for a reward, then restart the quest with more powerful rewards. Gain a 2-star 1-cost champion to start your journey."
0,2-Gold,Advanced Loan,,TFT_Augment_AdvancedLoan,Gain 20 Gold. Your next augment is one tier lower.
0,2-Gold,Advanced Loan+,,TFT_Augment_AdvancedLoanPlus,Gain 33 Gold. Your next augment is one tier lower.
0,2-Gold,Aim For The Top!,,TFT_Augment_AimForTheTop,"You are more likely to fight stronger players, and you know who you will fight. When you lose, gain 2 XP. After your first win and every 3 wins after, gain a component. Foes vanquished: [TFTUnitProperty.item:TFT15_AimForTheTop_EnemiesBeaten]"
0,2-Gold,All That Shimmers+,,TFT_Augment_AllThatShimmersPlus,Choose a gold-generating Artifact. Gain a Magnetic Remover and 4 gold.
0,2-Gold,Another One!,,TFT_Augment_AnotherOne,The next completed item you make grants an additional copy of it. Gain 5 gold now.
0,2-Gold,Another One!+,,TFT_Augment_AnotherOnePlus,The next completed item you make grants another copy of it. Gain 1 component anvil.
0,2-Gold,Arcane Viktor-y,,TFT_Augment_ArcaneViktory,"After 8 seconds of combat, stun the enemy team for 1.5 seconds. Repeat this after 18 seconds of combat. TFT Macao Open, 2024"
0,2-Gold,Aura Farming,,TFT_Augment_AuraFarming,Gain a [StarLevel]-star 5-cost champion holding a recommended item. You cannot field it until Stage 4-3.
0,2-Gold,Avenge The Fallen,,TFT_Augment_AvengeTheFallen,"After 3 allies die, your team gains 28% Attack Damage, [ap] Ability Power, 28 Armor, and 28 Magic Resist."
0,2-Gold,BRB,,TFT_Augment_BRB,"You cannot perform actions for the next 3 rounds. Afterwards, gain [Anvils] completed item anvils."
0,2-Gold,Backline Blueprint,,TFT_Augment_BacklineBlueprint,Gain a 3-cost non-Tank champion and an Emblem that matches their last-listed trait.
0,2-Gold,Backup Dancers,,TFT_Augment_BackupDancers,"Combat start: Every 3 seconds, champions in your 3 rightmost bench slots grant your team 2% Attack Speed per slot."
0,2-Gold,Bad Luck Protection,,TFT_Augment_BadLuckProtection,Your team can no longer critically strike. Convert each 5% Critical Strike Chance into 5% Attack Damage. Gain a Sparring Gloves.
0,2-Gold,Big Ones,,TFT_Augment_BigOnes,Combat start: Your 1-cost champions gain 150 max Health and 11% Damage Amp.
0,2-Gold,Birthday Reunion,,TFT_Augment_BirthdayReunion,"Gain 1 gold. At Level 5, gain a random 2-star 2-cost champion. At Level 7, gain a Thief's Gloves. At Level 9, gain a random 2-star 5-cost champion. Inkborn Fables Tactician's Crown, 2024"
0,2-Gold,Blazing Soul I,,TFT_Augment_BlazingSoul,Combat start: Your highest Attack Speed champion gains 20% Ability Power and 20% Attack Speed. Repeat on another ally every 3 seconds.
0,2-Gold,Blood Offering,,TFT_Augment_TheDarkinBlade,Gain a Bloodthirster. Combat start: Allies holding Bloodthirsters lose 15% Health but gain a 20% Health shield and 11% Attack Damage and Ability Power.
0,2-Gold,Blood Rage,,TFT_Augment_BloodRage,Your allies gain 11-25% Damage Amp based on their missing Health. Maximum Damage Amp gained at 30% Health.
0,2-Gold,Blossoming Lotus I,,TFT_Augment_BlossomingLotus1,"Your team's Abilities can critically strike. Every 3 seconds, your team gains 5% Critical Strike Chance."
0,2-Gold,Bodyguard Training,,TFT_Augment_BodyguardTraining,"Allies gain 15 Armor and Magic Resist, increased by 2 per player level. Gizmos & Gadgets Championship, 2022"
0,2-Gold,Booster Pack,,TFT_Augment_BoosterPack,Gain 12 gold of random champions. (At least one 3-cost guaranteed!) (Each champion has a small chance of being holographic!)
0,2-Gold,Booster Pack+,,TFT_Augment_BoosterPackPlus,Gain 18 gold of random champions. (At least one 4-cost guaranteed!) (Each champion has a small chance of being holographic!)
0,2-Gold,Booster Pack++,,TFT_Augment_BoosterPackPlusPlus,Gain 26 gold of random champions. (At least one 5-cost guaranteed!) (Each champion has a small chance of being holographic!)
0,2-Gold,Bowsmith,,TFT_Augment_ForgeBow,Gain 2 random completed items that build from Recurve Bow.
0,2-Gold,Bragging Rights,,TFT_Augment_BraggingRights,"If you get 1st, a fancy celebration plays. This augment has no other effect, and can be rerolled for free."
0,2-Gold,Bronze For Life I,,TFT_Augment_BronzeForLifeI,Your team gains 1% Damage Amp for each Bronze-tier trait. Damage Amp Bonus: [TFTUnitProperty.item:TFT_Augment_BronzeForLife_CurrentDamageAmp]%
0,2-Gold,Bulking Up II,,TFT_Augment_BulkingUp2,"Your team gains 50 Health. After each round, they gain 15 more. (Current Health: [TFTUnitProperty.item:TFT_BulkingUp2Rounds])"
0,2-Gold,Bulky Buddies II,,TFT_Augment_BulkyBuddies2,"Allies that start combat next to exactly 1 other ally gain 175 Health. When that champion dies, the other gains a 15% max Health Shield for 10 seconds."
0,2-Gold,Care Package,,TFT_Augment_HomeCooking,"Now and at the start of the next 2 Stages, receive a care package with loot and 1 gold."
0,2-Gold,Category Five,,TFT_Augment_CategoryFive,"Gain a Runaan's Hurricane. Your Runaan's Hurricanes shoot 1 extra bolts, each dealing 75% of the original damage."
0,2-Gold,Charge Transfer II,,TFT_Augment_ChargeTransfer2,Your team gains 10% Damage Amp. 80.0% of overkill damage is dealt to the nearest enemy as magic damage.
0,2-Gold,Climb The Ladder II,,TFT_Augment_ClimbTheLadder2,"Each time an ally dies, allies that share at least one trait with them gain 7% Ability Power, 7% Attack Damage, 6 Armor, and 6 Magic Resist."
0,2-Gold,Clockwork Accelerator,,TFT_Augment_ClockworkAccelerator,Your team gains [attackspeed*100]% Attack Speed every [frequency] seconds in combat.
0,2-Gold,Cloning Facility,,TFT_Augment_CloningFacility,Empower the hex in the center of the third row. Summon a clone of the champion in it with 80.0% base Health and 10% increased Mana cost.
0,2-Gold,Cognitive Overload,,TFT_Augment_CognitiveOverload,"Gain 7 gold, 1 2-star 1-cost champion, 1 2-cost champion, 2 3-cost champions, 1 XP, and 1 Shop reroll."
0,2-Gold,Combat Bandages II,,TFT_Augment_DawnbringersBlessing2,"The first time each ally unit falls below 60.0% health, they restore 170-[flathealing3] health (based on stage) over 2.5 seconds."
0,2-Gold,Contested,,TFT_Augment_Contested,"After each player combat, gain 2 gold for every 2 other players who have fielded the leftmost champion on your bench this game."
0,2-Gold,Cooking Pot,,TFT_Augment_CookingPot_HR,"At the start of each turn, all allies holding a Frying Pan or Spatula item grant the nearest champion 70 permanent Health. Gain a Frying Pan."
0,2-Gold,Cooking Pot,,TFT_Augment_CookingPot,"At the start of each turn, all allies holding a Frying Pan or Spatula item grant the nearest champion 60 permanent Health. Gain a Frying Pan."
0,2-Gold,Cosmic Restart,,TFT_Augment_CosmicRestart,Call upon the Gods to sell all units on your board and bench. Gain 2 random Emblems and 15 free Shop rerolls.
0,2-Gold,Crown's Will,,TFT_Augment_CrownguardSpirit,Gain a Needlessly Large Rod and a Chain Vest. Your team gains 8 Ability Power and 6 Armor.
0,2-Gold,Cry Me A River,,TFT_Augment_CryMeARiver,"Gain a Tear of the Goddess. Your team gains 1 Mana Regen. After 12 seconds in combat, increase this to 4."
0,2-Gold,Custom Fitted,,TFT_Augment_CustomFitted,The first 6-cost you obtain comes with 3 tailored items equipped.
0,2-Gold,Cybernetic Mass,,TFTTutorial_Augment_WithItemHealth2,Your champions holding an item gain 300 Health.
0,2-Gold,Deadlier Blades,,TFT_Augment_TragicalBlade,Gain a Deathblade. Deathblades permanently gain [AD*100]% Attack Damage whenever their holders score a takedown.
0,2-Gold,Deadlier Caps,,TFT_Augment_DeadlierCaps,Gain a Rabadon's Deathcap. Rabadon's Deathcaps grant 1 Mana Regen and permanently gain [AP]% Ability Power whenever their holders score a takedown.
0,2-Gold,Double Down,,TFT_Augment_DoubleDown,"After each player combat, gain gold equal to your win or loss streak (max 4 gold)."
0,2-Gold,Duo Queue,,TFT_Augment_DuoQueue,Gain 2 random 5-cost champions and 2 copies of a random component.
0,2-Gold,Early Learnings,,TFT_Augment_EarlyLearning,"Your team gains 5% Attack Damage & Ability Power. This increases by 1% after each player combat. 1-cost champions gain double. [TFTUnitProperty.item:TFT_Augment_EarlyLearning_TRAKey] TFT Vegas Open, 2023"
0,2-Gold,Elite Vanguard,,TFTTutorial_Augment_WithItemAS2,Your champions holding an item gain 20 Attack Speed.
0,2-Gold,Endless Conflagration,,TFT_Augment_EndlessConflagration,"Choose a Burn item. Your Burns now stack, increasing the original Burn's damage by 11%."
0,2-Gold,Epic Rolldown,,TFT_Augment_EpicRolldown,"When you reach Level 8, gain 20 Shop rerolls. Runeterra Reforged Championship, 2023"
0,2-Gold,Evil Beyond Measure,,TFT_Augment_EvilBeyondMeasure,Your champions deal 4.5% of their damage as True Damage for each Star level.
0,2-Gold,Exclusive Customization,,TFT_Augment_ExclusiveCustomization,"Gain a Lucky Item Chest, a Magnetic Remover, and 7 gold. Use a Lucky Item Chest on a champion to choose from an armory of recommended items!"
0,2-Gold,Exclusive Customization II,,TFT_Augment_ExclusiveCustomization2,"Gain 2 Lucky Item Chests, a Magnetic Remover, and 7 gold. Use a Lucky Item Chest on a champion to choose from an armory of recommended items!"
0,2-Gold,Explosive Growth,,TFT_Augment_ExplosiveGrowth,"Now and at the start of the next [Rounds] rounds, gain 7 XP."
0,2-Gold,Explosive Growth+,,TFT_Augment_ExplosiveGrowthPlus,"Now and at the start of the next [Rounds] rounds, gain 10 XP."
0,2-Gold,Feed the Flames,,TFT_Augment_FeedTheFlames,Gain a Sunfire Cape. Your team gains 11% Omnivamp when attacking Burning enemies.
0,2-Gold,Flexible,,TFT_Augment_Flexible,"Gain 1 random Emblem. At the start of every Stage, gain a random Emblem. Your team gains 30 Health for each Emblem they are holding."
0,2-Gold,Fortune Favors the Bold,,TFT_Augment_FortuneFavorsTheBold,"Winning combat against a player will give bonus orbs. The longer your loss streak, the bigger the payout."
0,2-Gold,Forward Thinking,,TFT_Augment_ForwardThinking,"Lose all your gold. After [Rounds] player combats, gain back the original amount and another 62 gold. Incoming Gold: [TFTUnitProperty.item:TFT_Augment_ForwardThinkingGold]"
0,2-Gold,Frontline Foundation,,TFT_Augment_FrontlineFoundation,Gain a 2-star 1-cost Tank champion and an Emblem that matches their last-listed trait.
0,2-Gold,Gilded Steel,,TFT_Augment_GildedSteel,"Gain 2 non-Tank 5-cost champions. If you field at least one 5-cost champion, your 1 to 4-cost champions gain 7% Durability. K.O. Coliseum Tactician's Crown, 2025"
0,2-Gold,Glass Cannon II,,TFT_Augment_GlassCannonII,Allies that start combat in the back row begin combat at 80.0% Health but gain 25% Damage Amp.
0,2-Gold,Gold Destiny,,TFT_Augment_GoldDestiny,Gain a random Gold Augment and 3 gold.
0,2-Gold,Gold Destiny+,,TFT_Augment_GoldDestinyPlus,Gain a random Gold Augment and 6 gold.
0,2-Gold,Gold For Dummies,,TFT_Augment_GoldForDummies,"Gain a Training Dummy. Every 10 seconds, all Training Dummies grant 1 gold."
0,2-Gold,Golemify,,TFT_Augment_Golemify,Lose all champions on your board and bench. Gain a Golem with 60% of their combined Health and 33% of their combined Attack Damage. The Golem gains 1200 Health per stage. Gain a non-Tank 2-star 2-cost champion.
0,2-Gold,Group Hug II,,TFT_Augment_GroupHug2,Combat start: Allies grant other adjacent allies 9 Armor and Magic Resist. This effect stacks.
0,2-Gold,Hard Bargain,,TFT_Augment_HardBargain,"You cannot choose your Carousel rewards. Gain an additional 6 player Health and 8 Gold each carousel round. When you do not pick a Carousel Reward, you are given an unpicked champion and the item it carries"
0,2-Gold,Health is Wealth II,,TFT_Augment_WealthyRehab2,Your team gains 15% Omnivamp. Get a bonus of 15 gold when your team first accumulates 10000 total champion healing. Total Healing: [TFTUnitProperty.item:TFT_Augment_WealthyRehabHealing]
0,2-Gold,Heart of Steel,,TFT_Augment_WarmogsBuckle,"Gain a Steadfast Heart. Every 10 seconds of combat its holder survives, Steadfast Heart gains additional [Health] permanent max Health."
0,2-Gold,Heavy Is the Crown,,TFT_Augment_HeavyIsTheCrown,"Gain a Crown of Demacia, which provides significant bonuses to the wearer. If the holder dies, lose the round."
0,2-Gold,Hefty Rolls,,TFT_Augment_HeftyRolls,Your team gains [Health] Health and size for each time you've rolled this game. Gain 5 gold. Rolls: [TFTUnitProperty.Item:TFT_Augment_HeftyRolls_NumRolls] Health: [TFTUnitProperty.Item:TFT_Augment_HeftyRolls_HealthBonus]
0,2-Gold,Heroic Eulogy,,TFT_Augment_HeroicEulogy,"When an allied champion dies, your remaining champions gain 15 Mana and 10 Armor and Magic Resist."
0,2-Gold,Heroic Grab Bag+,,TFT_Augment_HeroicGrabBagPlus,Gain 2 Lesser Champion Duplicators and 8 gold. This item allows you to copy a 3-cost or less champion.
0,2-Gold,Heroic Grab Bag++,,TFT_Augment_HeroicGrabBagPlusPlus,Gain 2 Lesser Champion Duplicators and 14 gold. This item allows you to copy a 3-cost or less champion.
0,2-Gold,High Voltage,,TFT_Augment_HighVoltage,Gain an Ionic Spark. Your Ionic Sparks have +3 hex radius and do 25% more damage.
0,2-Gold,Howling Gale,,TFT_Augment_HowlingGale,"For every 550 Mana your team spends, summon a whirlwind that knocks up enemies."
0,2-Gold,Indecision I,,TFT_Augment_Indecision1,"In 3 rounds, choose a new augment of the same tier. Gain 4 gold now."
0,2-Gold,Indecision II,,TFT_Augment_Indecision2,"In 3 rounds, choose a new augment of the same tier. Gain 6 gold now."
0,2-Gold,Indiscriminate Killer,,TFT_Augment_JustSlayer,Gain a Giant Slayer. Giant Slayers gain their Damage Amp against all enemies instead of just Tanks.
0,2-Gold,Infinity Protection,,TFT_Augment_InfinityProtection,"Gain 3 gold now. On Stage 3-7, gain an Infinity Force. Infinity Force gives allies in the same row a 12% Health shield. Monsters Attack Championship, 2023"
0,2-Gold,Investment Strategy I,,TFT_Augment_InvestmentStrategy1,Your champions gain 8 permanent max Health per interest you earn.
0,2-Gold,Item Collector II,,TFT_Augment_ItemCollector2,"Your team gains 20 Health. For each unique item they are holding, your team gains bonus 5 Health, 0% Attack Damage, and 1% Ability Power."
0,2-Gold,Item Refresh,,TFT_Augment_ItemRefresh,"Lose all completed items, and gain 2 random components for each item lost. Then gain 3 random components."
0,2-Gold,Kahunahuna,,TFT_Augment_FuriousBlows,Every 5th attack deals bonus true damage equal to 100% Basic Attack Damage.
0,2-Gold,Last Second Save,,TFT_Augment_LastSecondSave,"The first time each ally falls below 34% Health, they restore 20% maximum Health."
0,2-Gold,Late Game Scaling,,TFT_Augment_LateGameScaling,"Gain 2 XP at the start of player combat rounds. Your 5-cost champions gain 11% Health and 11% Attack Speed. Cyber City Tactician's Crown, 2025"
0,2-Gold,Legion of Threes,,TFT_Augment_LegionOfThrees,"Gain a random Emblem. Your 3-cost champions and all allies equipped with an Emblem gain 150 Health and 11% Attack Speed. Reckoning Championship, 2021"
0,2-Gold,Lightning Strike,,TFT_Augment_LightningStrike,"After 8 seconds, lightning strikes the enemy team dealing 7% HP true damage and stunning for 1 second."
0,2-Gold,Mace's Will,,TFT_Augment_GuardbreakerSpirit,Gain a Sparring Gloves. Your team gains 25% Critical Strike Chance.
0,2-Gold,Malicious Monetization,,TFT_Augment_MirroredMonetization,"Gain 4 gold. For the next [Rounds] rounds, enemy champions drop 2 gold when killed. [TFTUnitProperty.item:TFT_Augment_MirroredMonetization_TotalGoldTooltip]"
0,2-Gold,Manaflow II,,TFT_Augment_Manaflow2,Your allies that start combat in the back row gain 3 additional Mana per attack.
0,2-Gold,Max Build,,TFT_Augment_MaxBuild,"Gain a Champion Duplicator, 4 gold, and your next shop contains 5 unique four-cost champions. Galaxies Championship, 2020"
0,2-Gold,May the Fours Be With You,,TFT_Augment_MayTheFoursBeWithYou,Your 4-cost champions and Jhin gain 144 Health and 14% Attack Speed. Gain a Jhin.
0,2-Gold,Mentorship II,,TFT_Augment_Mentorship2,"If an ally starts combat next to a higher-cost ally, it gains 15% Attack Speed and 220 Health."
0,2-Gold,Mess Hall,,TFT_Augment_FoodfightTactics,"After 10 seconds of combat, your champions gain 7% Attack Speed and attacks also hurl 2 delicious projectiles that deal 25 (%i:scaleAD%%i:scaleAP%) magic damage."
0,2-Gold,Misfits,,TFT_Augment_Misfits,Your team gains 55 Health for each active Unique trait. Gain a Rhaast and a Miss Fortune. [TFTUnitProperty.item:TFT_Augment_Misfits_TotalHealthTooltip] Unique traits belong to 1 champion and are shown in orange.
0,2-Gold,Money Hungry,,TFT_Augment_MoneyHungry,"Gain 7 gold now, then 7 gold at the start of every stage. Picking up gold makes your Tactician larger."
0,2-Gold,Money Hungry+,,TFT_Augment_MoneyHungryPlus,"Gain 16 gold now, then 7 gold at the start of every stage. Picking up gold makes your Tactician larger."
0,2-Gold,Moonlight,,TFT_Augment_Moonlight,Combat start: 1 random 1-cost champion is upgraded to 3-star for that round and gains 40% Attack Damage and [APBONUS]% Ability Power.
0,2-Gold,NO SCOUT NO PIVOT,,TFT_Augment_NoScoutNoPivot,"Champions that fight in player combat cannot be benched or sold. Your team gains 0% Health, and 1% Attack Damage and Ability Power after player combat. [TFTUnitProperty.item:TFT_Augment_NoScoutNoPivot_TrackerTRAKEY_Holder]"
0,2-Gold,Noble Sacrifice,,TFT_Augment_NobleSacrifice,"When your first ally dies each combat, grant your team 25 + 10% of that ally's Armor and Magic Resistance."
0,2-Gold,One For All II,,TFT_Augment_AllForOneII,Your team gains 2% max Health and 1.5% Damage Amp for each unique one-cost champion on your board. Gain 3 one-costs.
0,2-Gold,Overheal,,TFT_Augment_Overheal,Every third attack deals 110.0% damage and heals 60.0% of the damage. Excess healing is converted to a shield up to 400 Health.
0,2-Gold,Pair of Fours,,TFT_Augment_PairOfFours,"If your team has exactly 2 4-cost champions, they each gain 504 Health and 28.4% Attack Speed. Gain a random 4-cost."
0,2-Gold,Pair of Fours,,TFT_Augment_PairOfFours_Set7,"If your team has exactly 2 tier-4 champions, they each gain 374 Health and 24.4% Attack Speed. Gain a random tier-4 champion."
0,2-Gold,Petricite Armor II,,TFT_Augment_PetriciteArmorII,Your team takes 15% reduced damage from champion abilities.
0,2-Gold,Piercing Lotus I,,TFT_Augment_PiercingLotus1,"Your team gains [critchance]% Critical Strike chance, and their Abilities can critically strike. Critical strikes 20% Shred and Sunder the target for 3 seconds."
0,2-Gold,Piercing Sight,,TFT_Augment_Crossfire2,"Enemies take 0% damage as bonus true damage, increased by 0% up to 20% every time they take damage."
0,2-Gold,Pilfer,,TFT_Augment_Pilfer,"Each round, gain a 1-star copy of the first champion you killed last combat. The first time you gain [GoldRequired] gold worth of champions in this way, gain a Thief's Gloves. [TFTUnitProperty.item:TFT_Augment_Pilfer_Tooltip]"
0,2-Gold,Plot Armor,,TFT_Augment_PlotArmor,"Your team gains 8 Armor and Magic Resist. After falling below 50% Health, increase this to 40 for the rest of combat."
0,2-Gold,Powered Shields,,TFT_Augment_DefenseCall,"While Shielded, your allies gain 10% Durability. The first time allies fall below 50% Health, they gain 100-225 Shield (based on Stage) for 3 seconds."
0,2-Gold,Precision and Grace,,TFT_Augment_ChallengerDash,"At the start of combat, allies gain 25% Attack Speed for 3 seconds. On takedown, allies dash to their next target and gain this bonus again."
0,2-Gold,Press the Attack,,TFT_Augment_ItemKrakenSlayer,Gain a Kraken's Fury. Allies holding Kraken's Fury apply a stack on their target every attack. Every third stack deals true damage equal to 4% of the target's max Health.
0,2-Gold,Promised Protection,,TFT_Augment_PromisedProtection,Gain a Protector's Vow. Protector's Vow grants its holder 20% additional Mana from all sources.
0,2-Gold,Psychic Forge,,TFT_Augment_PsychicForge,Round start Completed Items on benched champions turn into one of their recommended items. Gain a random completed item.
0,2-Gold,Pyromaniac,,TFT_Augment_Pyromaniac,Gain a Red Buff. Your Burns deal 50% increased damage.
0,2-Gold,Quiet Quitting,,TFT_Augment_QuietQuitting,"For the next 3 player combats, you cannot use your shop. After, gain 24 gold and a Completed Item Anvil."
0,2-Gold,Replication,,TFT_Augment_Replication,"Choose 1 of 3 components. For the next [RoundsOfBonusItems] rounds, gain a copy of that component."
0,2-Gold,Sated Spellweaver,,TFT_Augment_SatedSpellweaver,"After casting an Ability, champions gain 15% Omnivamp for 3 seconds. Excess healing is converted to a shield up to 500 Health."
0,2-Gold,Savings Account,,TFT_Augment_SavingsAccount,"After you earn [GoldRequired] gold in interest, gain 25 gold. Your max interest is increased to 7. Gain 2 gold now. Gold earned: [TFTUnitProperty.item:TFT_Augment_SavingsAccount_Tracker]"
0,2-Gold,Scavenger,,TFT_Augment_Scavenger,The first 5 enemy champions that are killed each combat grant a champion on your team a temporary completed item.
0,2-Gold,Second Coronation,,TFT_Augment_ItemCrownguard,"Gain a Crownguard. At 50% Health, Crownguard's start of combat effect triggers again at 90.0% power."
0,2-Gold,Seraphim's Staff,,TFT_Augment_SeraphimsStaff,Gain an Archangel's Staff. Archangel's Staff grants 2 additional Mana Regen if its holder has 90% or more Ability Power.
0,2-Gold,Shop Glitch,,TFT_Augment_ShopGlitch,"During non-player combat rounds, your shop refreshes for free every 2.5 seconds for 28 seconds."
0,2-Gold,Shred Spread,,TFT_Augment_VoidTouched,"Gain a Void Staff. Enemies who die while Shredded explode, dealing 100-300 magic damage and 30% Shredding enemies within 1 hexes for 3 seconds."
0,2-Gold,Side Effects,,TFT_Augment_SideEffects,"When an ally is healed, they deal 50% of the healing to their target as magic damage. Every 5 seconds, allies heal for 3% of their max Health."
0,2-Gold,Solo Leveling,,TFT_Augment_SoloLeveling,"For the next 5 combats, your team size is 1 but the champion you field has massively increased stats. Gain 1 XP for every kill they get. Afterwards, gain 2 item components."
0,2-Gold,Solo Plate,,TFT_Augment_ItemGargoyleStoneplate,Gain a Gargoyle Stoneplate. Combat start: Allies holding Gargoyle Stoneplate gain 17% max Health if they're the only one in their row.
0,2-Gold,Spear's Will,,TFT_Augment_ShojinSpirit,Your team gains 7% Attack Damage and 5 Mana. Gain a B.F. Sword and a Tear of the Goddess.
0,2-Gold,Speedy Double Kill,,TFT_Augment_SpeedyDoubleKill,"Gain a Guinsoo's Rageblade. When 2 players are eliminated, gain 40 gold. Fates Championship, 2021"
0,2-Gold,Spellblades,,TFT_Augment_Spellblades,"Whenever one of your champion casts, their next attack deals bonus magic damage equal to [abilitypower*100]% of their Ability Power."
0,2-Gold,Spellsword,,TFT_Augment_Spellsword,"Every time an ally attacks 2 times, they gain 5 Ability Power."
0,2-Gold,Spirit Link,,TFT_Augment_SpiritLink1,Champions restore 5% of their max Health every 4 seconds. Increase the healing by 0.5% for every 10 missing player Health.
0,2-Gold,Spirit of Redemption,,TFT_Augment_ItemSpiritVisage,"Gain a Spirit Visage. Every 5 seconds, Spirit Visage heals allies within 1 hex for [MissingHealth]% of their missing Health."
0,2-Gold,Spreading Roots,,TFT_Augment_SpreadingRoots,Gain 2 random Emblems and 1 gold.
0,2-Gold,Spreading Roots+,,TFT_Augment_SpreadingRootsPlus,"Gain 2 random Emblems, a Reforger, and 2 gold."
0,2-Gold,Staffsmith,,TFT_Augment_ForgeRod,Gain 2 random completed items that build from Needlessly Large Rod.
0,2-Gold,Starry Night,,TFT_Augment_StarryNight,1-cost and 2-cost champions in your shop have a chance to be 2-star. Gain 6 gold. Current Chances: [TFTUnitProperty.item:TFT_Augment_StarryNight_Odds]% Chances increase with player level.
0,2-Gold,Starry Night+,,TFT_Augment_StarryNightPlus,1-cost and 2-cost champions in your shop have a chance to be 2-star. Gain 8 gold. Current Chances: [TFTUnitProperty.item:TFT_Augment_StarryNight_Odds]% Chances increase with player level.
0,2-Gold,Superstars II,,TFT_Augment_Superstars,"Your team deals 7% more damage, increased by 2% for every 3-star champion on your team. Gain 4 rerolls. Bonus: [TFTUnitProperty.item:TFT_Augment_SuperstarsTotalDamageBonus]%"
0,2-Gold,Support Golem I,,TFT_Augment_SupportSentinel,"Gain 1 Golem that fights for your team, holding 1 permanently attached Support item(s)."
0,2-Gold,Swordsmith,,TFT_Augment_ForgeSword,Gain 2 random completed items that build from B.F. Sword.
0,2-Gold,Tesla Coil,,TFT_Augment_TeslaCoil,"Each of your allies with 3 items equipped emits 2 arcs of lightning every 5 seconds, dealing 240-270 magic damage based on stage."
0,2-Gold,The Floor is Lava,,TFT_Augment_TheFloorIsLava,"During combat, ALL units are 1% Burned and 33% Wounded. Your team gains 20% Omnivamp. Burn : Deals a percent of the target's max Health as true damage every second Wound : Reduces healing received"
0,2-Gold,The Golden Dragon,,TFT_Augment_TheGoldenDragon,"Gain a Mogul's Mail. Champions holding Mogul's Mail take up 2 team slots but gain 700 Health and 20% Durability. Mogul's Mail gives gold as well as combat power. Dragonlands Championship, 2022"
0,2-Gold,Thorn-Plated Armor,,TFT_Augment_ThornPlatedArmor,Gain a Bramble Vest. Your Bramble Vests deal [damageamp1*100]-[damageamp4*100]% more damage (based on Stage).
0,2-Gold,Time Skip,,TFT_Augment_TimeSkip,Disable your Shop for the next 3 rounds. Then gain 32 XP.
0,2-Gold,Tomb Raider I,,TFT_Augment_TombRaider1,"For the next 3 players eliminated, choose one of their completed items to keep."
0,2-Gold,Tons of Stats!,,TFTTutorial_Augment_AbilityPwr,"Your team gains [Health] Health, [AttackDamage]% Attack Damage, 5% Ability Power, [Armor] Armor, [MR] Magic Resist, [AttackSpeed]% Attack Speed, and [Mana] Mana."
0,2-Gold,Tons of Stats!,,TFTTutorial_Augment_Mana,"Your team gains [Health] Health, [AttackDamage]% Attack Damage, [AbilityPower]% Ability Power, [Armor] Armor, [MR] Magic Resist, [AttackSpeed]% Attack Speed, and 5 Mana."
0,2-Gold,Tons of Stats!,,TFTTutorial_Augment_Armor,"Your team gains [Health] Health, [AttackDamage]% Attack Damage, [AbilityPower]% Ability Power, 5 Armor, [MR] Magic Resist, [AttackSpeed]% Attack Speed, and [Mana] Mana."
0,2-Gold,Tons of Stats!,,TFTTutorial_Augment_AtkDmg,"Your team gains [Health] Health, 5% Attack Damage, [AbilityPower]% Ability Power, [Armor] Armor, [MR] Magic Resist, [AttackSpeed]% Attack Speed, and [Mana] Mana."
0,2-Gold,Tons of Stats!,,TFTTutorial_Augment_AtkSpeed,"Your team gains [Health] Health, [AttackDamage]% Attack Damage, [AbilityPower]% Ability Power, [Armor] Armor, [MR] Magic Resist, 5% Attack Speed, and [Mana] Mana."
0,2-Gold,Tons of Stats!,,TFTTutorial_Augment_MR,"Your team gains [Health] Health, [AttackDamage]% Attack Damage, [AbilityPower]% Ability Power, [Armor] Armor, 5 Magic Resist, [AttackSpeed]% Attack Speed, and [Mana] Mana."
0,2-Gold,Tons of Stats!,,TFTTutorial_Augment_Health,"Your team gains 35 Health, [AttackDamage]% Attack Damage, [AbilityPower]% Ability Power, [Armor] Armor, [MR] Magic Resist, [AttackSpeed]% Attack Speed, and [Mana] Mana."
0,2-Gold,Tower Defense,,TFT_Augment_TowerDefense,Gain a Training Dummy equipped with a random emblem that fires ranged attacks at enemies. It upgrades as the game goes on.
0,2-Gold,Trait Tracker,,TFT_Augment_TraitTracker,"The first time you activate 8 non-unique traits for 1 combat, gain 5 random emblems."
0,2-Gold,Treasure Hunt,,TFT_Augment_TreasureHunt,Gain a locked chest each Stage between now and Stage [MaxNumChests]. Unlock each chest when you spend [GoldNeededPerChest] gold on Shop rerolls. These chests persist until opened.
0,2-Gold,Trifecta I,,TFT_Augment_Trifecta1_Set7,Gain [numunits] tier-3 champions. Combat Start: 3 random tier-3 champions gain 220 Health and 20% Attack Speed.
0,2-Gold,Trifecta I,,TFT_Augment_Trifecta1,Gain [numunits] 3-cost champions. Combat Start: 3 random 3-cost champions gain 220 Health and 20% Attack Speed.
0,2-Gold,Two Much Value,,TFT_Augment_TwoMuchValue,Gain 1 reroll for every 2 unique 2-cost champions fielded last player combat. Gain 1 2-cost champions.
0,2-Gold,Two Tanky,,TFT_Augment_TwoTanky,"When you field exactly 2 copies of a champion, they both gain 375 Health. When one copy dies, the other gains a 34% max Health Shield for 12 seconds. When you 3-star, gain a 2-star copy."
0,2-Gold,Two Trick,,TFT_Augment_TwoTrick,Gain a random 2-star 2-cost and 2 random 2-star 1-cost champions.
0,2-Gold,Unhindered,,TFTTutorial_Augment_WithoutItemAS2,Your champions without items gain 55.0 Attack Speed.
0,2-Gold,Unleash The Beast,,TFT_Augment_UnleashTheBeast,"Gain a Sterak's Gage. When its effect triggers, the holder gains 34% Attack Speed for the rest of combat and immunity to crowd control for 5 seconds."
0,2-Gold,Urf's Gambit,,TFT_Augment_UrfsGambit,"If you win your next player combat, gain a Spatula. If you lose, gain a Frying Pan. Gain a component anvil and 3 gold now."
0,2-Gold,Vampiric Vitality I,,TFT_Augment_Dhampyr1,You heal for 11% of the damage you deal to enemy Tacticians. Your team gains 10% Omnivamp.
0,2-Gold,Vampiric Vitality II,,TFT_Augment_Dhampyr2,You heal for 11% of the damage you deal to enemy Tacticians. Your team gains 18% Omnivamp.
0,2-Gold,Vertically Inclined,,TFT_Augment_VerticallyInclined,Your team gains 9% Damage Amp. Gain 18% Damage Amp instead if you have fewer active non-unique traits than your opponent.
0,2-Gold,Wait For It,,TFT_Augment_WaitForIt,"Your teams mana costs are increased by 25%, but all Ability damage is increased by 40%."
0,2-Gold,Warlord's Honor,,TFT_Augment_Unforgotten,"Every round, your team gain 5% Attack Damage and Ability Power. Champions start with 1 stack of this effect, and can stack up to 4 times."
0,2-Gold,Warpath,,TFT_Augment_Warpath,"Gain a 2-star 2-cost champion. After dealing 80 player damage, gain a chest of high cost champions and items. (Current: [TFTUnitProperty.item:TFT_Augment_Warpath_DamageCount])"
0,2-Gold,Water Lotus I,,TFT_Augment_WaterLotus1,"Your team gains 5% Critical Strike chance, and their Abilities can critically strike. If an Ability critically strikes, restore 9% of your Mana over 3 seconds."
0,2-Gold,Worth the Wait,,TFT_Augment_WorthTheWaitGold,Gain a random 1-cost champion. Gain another copy of them at the start of each round for the rest of the game. Champion: [TFTUnitProperty.item:TFT_Augment_WorthTheWait]
0,3-Prismatic,A Hero Arrives!,,TFT_Augment_AHeroArrives,"After 6 seconds, the left-most champion on your bench enters combat with 60.0% bonus Health, stunning enemies within 3-hexes for 2 seconds."
0,3-Prismatic,An Exalted Adventure,,TFT_Augment_AnExaltedAdventure,"Gain three 2-cost champions. If you 3-star two of them, gain an orb filled with loot. Gain a Lesser Champion Duplicator at the start of next 2 stages. Champions: [TFTUnitProperty.item:TFT_Augment_ExaltedAdventure_Champs], [TFTUnitProperty.item:TFT_Augment_ExaltedAdventure_Champs2], [TFTUnitProperty.item:TFT_Augment_ExaltedAdventure_Champs3]"
0,3-Prismatic,An Upgraded Adventure,,TFT_Augment_AnUpgradedJourney,"After upgrading 4 champions to 3-star, gain a magnificent reward. Gain 2 1-cost champions."
0,3-Prismatic,An Upgraded Adventure,,TFT_Augment_SearchForTheYordleLord,"After upgrading 4 champions to 3-star, gain a magnificent reward. Gain 2 1-cost champions."
0,3-Prismatic,Anger Issues,,TFT_Augment_OopsAllRageblades,All your current and future completed items transform into Guinsoo's Rageblades that grant 45 Armor and Magic Resist. Every 2 Rageblade stacks grant 1% Attack Damage and Ability Power.
0,3-Prismatic,Artifactory,,TFT_Augment_Artifactory,"At the start of each turn, your benched completed items transform into a random Artifact item. Gain 1 Artifact Anvil and 2 Removers."
0,3-Prismatic,Assassin's Toolbox,,TFT_Augment_AssassinsToolbox,Gain a Prowler's Claw and an Infinity Edge.
0,3-Prismatic,Axiom Arc III,,TFT_Augment_AxiomArc3,Your allies gain 15 Mana on kill. Gain a completed item Anvil.
0,3-Prismatic,Baron's Lair,,TFT_Augment_TheBaronsLair,"Gain a random Tank item. After 8 seconds of combat, your team gains 5% bonus Attack Damage and Ability Power every second for the rest of combat. TFT Paris Open, 2025"
0,3-Prismatic,Belt Overflow,,TFT_Augment_BeltOverflow,Gain 4 Giant's Belts. Your Giant's Belts grant +85 bonus Health.
0,3-Prismatic,Big Spender,,TFT_Augment_BigSpender,Your team gains [Value]% Attack Damage and Ability Power for every 1 gold in champion value on your board (Gold Value: [TFTUnitProperty.item:TFT_Augment_BigSpender_Value]g).
0,3-Prismatic,Blazing Soul II,,TFT_Augment_BlazingSoul2,Combat start: Your highest Attack Speed champion gains 35% Ability Power and 34% Attack Speed. Repeat on another ally every 3 seconds.
0,3-Prismatic,Blossoming Lotus II,,TFT_Augment_BlossomingLotus2,"Your team's Abilities can critically strike. Every 3 seconds, your team gains 15% Critical Strike Chance."
0,3-Prismatic,Bronze For Life II,,TFT_Augment_BronzeForLife2,Your team gains 1% Damage Amp and 4 Armor and Magic Resist for each Bronze-tier trait. Damage Amp: [TFTUnitProperty.item:TFT_Augment_BronzeForLife_CurrentDamageAmp]% Armor and Magic Resist: [TFTUnitProperty.item:TFT_Augment_BronzeForLife_CurrentDurability]
0,3-Prismatic,Bulky Buddies III,,TFT_Augment_BulkyBuddies3,"Allies that start combat next to exactly 1 other ally gain 300 Health. When that champion dies, the other gains a 18% max Health Shield for 10 seconds."
0,3-Prismatic,Calculated Enhancement,,TFT_Augment_CalculatedEnhancement,"Each combat, 4 random champions in your last two rows gain 40% Attack Damage and 50 Ability Power."
0,3-Prismatic,Chemtech Overdrive,,TFT_Augment_ChemtechOverdrive,"Open 3 portals to Zaun on random hexes in the second row. Any unit that starts combat in a portal gains 450 Health and 34% Attack Speed, and drops 1 gold on death."
0,3-Prismatic,Choncc's Artifactory,,TFTEventCT_Augment_Artifactory,"At the start of each turn, your benched completed items transform into a random Artifact item. Gain 1 Artifact Anvil and a reforger."
0,3-Prismatic,Close Quarters,,TFT_Augment_CloseQuarters,"Your back 2 rows are disabled, but your team gains [STATS TM]."
0,3-Prismatic,Comeback Story,,TFT_Augment_ComebackStory,Your team gains 4 Health and 0.4% Attack Speed per missing player Health. [TFTUnitProperty.item:TFT_Augment_ComebackStory_Tooltip]
0,3-Prismatic,Component Expert,,TFT_Augment_ComponentExpert,"Break apart all current completed items into components. You can no longer build completed items but champions can equip multiple components, and components grant 5x their usual stats. Gain 2 component anvils."
0,3-Prismatic,Component Heist,,TFT_Augment_MuseumHeist,"After [NumberOfCombats] player combats, gain 1 of every item component. Gain a random component now. [TFTUnitProperty.item:TFT_Augment_MuseumHeist_TooltipTRAKey] [TFTUnitProperty.item:TFT_Augment_MuseumHeist_CompleteTRAKey]"
0,3-Prismatic,Construct a Companion,,TFT_Augment_ConstructACompanion,The next 1-cost champion you buy is 3-star. Gain 2 gold.
0,3-Prismatic,Coronation,,TFT_Augment_Coronation,"Gain a Tactician's Crown. Tactician's Crown, Shield, and Cape grant the holder an additional 20% Attack Speed, 25% Attack Damage, and 30% Ability Power."
0,3-Prismatic,Dark Alley Dealings,,TFT_Augment_DarkAlleyDealings,"Gain a Suspicious Trenchcoat. After 3 player combats, gain a Trickster's Glass."
0,3-Prismatic,Dominance,,TFT_Augment_Dominance3,"For every 2 surviving champions after winning a player combat, gain 1 gold. Gain 16 XP."
0,3-Prismatic,Dual Purpose,,TFT_Augment_DualPurpose,"The first time you buy XP each round, gain 2 gold. Whenever you buy XP, reroll your Shop."
0,3-Prismatic,Expected Unexpectedness,,TFT_Augment_ExpectedUnexpectedness,"Now and at the start of the next 2 stages, roll 3 dice. Gain various rewards based on their total."
0,3-Prismatic,Final Polish,,TFT_Augment_FinalPolish,Gain a Support Anvil and a completed item anvil.
0,3-Prismatic,Five-Pointed Star,,TFT_Augment_FivePointedStar,"Now and at the start of each stage, the first champion you buy with a cost equal to the stage number is 2-star. Gain 2 gold and a 2-star 1-cost champion now."
0,3-Prismatic,Flurry of Blows,,TFT_Augment_FlurryOfBlows,Gain a Zeke's Herald. Champions buffed by Zeke's also gain 45.0% Critical Strike Chance.
0,3-Prismatic,Forge a Friend,,TFT_Augment_ForgeAFriend,The next 1-cost champion you buy is 3-star. Gain 5 gold.
0,3-Prismatic,Forged in Strength,,TFT_Augment_ForgedInStrength,"Gain 1 random Artifact. When you drop below 30 Health, gain 3 more random Artifacts. Remix Rumble Championship, 2023"
0,3-Prismatic,Future Sight II,,TFT_Augment_FutureSight2,"You can see who you will fight next. Gain 2 Training Dummies, each equipped with a Zephyr or Shroud of Stillness."
0,3-Prismatic,Ghost of Friends Past,,TFT_Augment_GhostOfUnitsPast,"Whenever an allied champion dies, your current team and all future allies permanently gain 7 health, 0% Attack Damage, or 1 Ability Power, based on the dying champion's role. Health: [TFTUnitProperty.Item:TFT_Augment_GhostOfUnitsPast_Health] Attack Damage: [TFTUnitProperty.Item:TFT_Augment_GhostOfUnitsPast_AD*100]% Ability Power: [TFTUnitProperty.Item:TFT_Augment_GhostOfUnitsPast_AP]"
0,3-Prismatic,Giant and Mighty,,TFT_Augment_GiantAndMighty,"Your team becomes large, gaining 200 Health and 10% max Health."
0,3-Prismatic,Golden Gamble,,TFT_Augment_GoldenGamble,"Gain [gold] gold and flip a coin. If heads, gain a Radiant Lucky Item Chest. If tails, gain 2 Completed item anvils. [TFTUnitProperty.item:TFT_Augment_GoldenGamble_Tooltip]"
0,3-Prismatic,Golden Gamble+,,TFT_Augment_GoldenGamblePlus,"Gain [gold] gold and flip a coin. If heads, gain a Radiant Lucky Item Chest. If tails, gain 2 Completed item anvils. [TFTUnitProperty.item:TFT_Augment_GoldenGamble_Tooltip]"
0,3-Prismatic,Golden Gamble++,,TFT_Augment_GoldenGamblePlusPlus,"Gain [gold] gold and flip a coin. If heads, gain a Radiant Lucky Item Chest. If tails, gain 2 Completed item anvils. [TFTUnitProperty.item:TFT_Augment_GoldenGamble_Tooltip]"
0,3-Prismatic,Greater Moonlight,,TFT_Augment_GreaterMoonlight,Combat start: 1 random 1-cost champion is upgraded to 4-star for that round and gains 5% Attack Damage and [APBONUS]% Ability Power.
0,3-Prismatic,Growth Mindset,,TFT_Augment_GrowthMindset,Gain 50 XP.
0,3-Prismatic,Hall of Mirrors,,TFT_Augment_HallOfMirrors,"Combat start: All champions in your front row become clones of the champion in the center of the row. Clones have 115.0% of their original health, and deal 5% less damage."
0,3-Prismatic,Hard Commit,,TFT_Augment_HardCommit,"Gain a random Emblem. Now and at the start of each Stage, gain a 1-star champion of that trait with a cost equal to the Stage (max 5) and 3 gold."
0,3-Prismatic,Hold the Line,,TFT_Augment_HoldTheLine,Allies in your back 2 rows gain 9% Ability Power and 7% Attack Damage for each ally that starts combat in your front row.
0,3-Prismatic,I'm the Carry Now,,TFT_Augment_ImTheCarryNow,Get a Golem with tailored offensive items. It gets stronger at the start of each Stage.
0,3-Prismatic,Immovable Object,,TFT_Augment_RanduinsImmovableObject,Gain a Randuin's Omen. Its range is increased by 1 hex and its effect is increased by 33.0%.
0,3-Prismatic,Invested,,TFT_Augment_Invested,"Gain 16 gold. After every combat, gain 1 Shop reroll for every 10 gold above 50 (max 80 gold)."
0,3-Prismatic,Invested+,,TFT_Augment_InvestedPlus,"Gain 26 gold. After every combat, gain 1 Shop reroll for every 10 gold above 50 (max 80 gold)."
0,3-Prismatic,Invested++,,TFT_Augment_InvestedPlusPlus,"Gain 40 gold. After every combat, gain 1 Shop reroll for every 10 gold above 50 (max 80 gold)."
0,3-Prismatic,Investment Strategy II,,TFT_Augment_InvestmentStrategy2,Your champions gain 8 permanent max Health per interest you earn. Your max interest is increased to 7. Gain 3 gold.
0,3-Prismatic,Isekai,TFT15_Spellslinger,TFT_Augment_Isekai_Sorcerer,Summon a magical hero from another universe to fight for you. This hero is a Sorcerer this game.
0,3-Prismatic,Isekai,,TFT_Augment_Isekai,"Summon a magical hero from another universe to fight for you. This hero will either be a Prodigy, and Executioner, or a Strategist."
0,3-Prismatic,Isekai,TFT15_Strategist,TFT_Augment_Isekai_Strategist,Summon a magical hero from another universe to fight for you. This hero is a Strategist this game.
0,3-Prismatic,Isekai,TFT15_Prodigy,TFT_Augment_Isekai_Prodigy,Summon a magical hero from another universe to fight for you. This hero is a Prodigy this game.
0,3-Prismatic,Just Hit,,TFT_Augment_JustHit,"Gain a Champion Duplicator, [NumRolls] Shop rerolls, and 3 gold."
0,3-Prismatic,Luxury Subscription,,TFT_Augment_LuxurySubscription,"Gain a package containing a 5-cost champion, a 2-star 1-cost champion, and 7 gold. At the start of the next 2 stages, gain the package again."
0,3-Prismatic,Marksman's Toolbox,,TFT_Augment_MarksmansToolbox,"Gain a Sniper's Focus. in [combatnum] rounds, gain a Fishbones."
0,3-Prismatic,Max Cap,,TFT_Augment_MaxCap,"Your max level is 7. Gain 1 Tactician's Shield which increases your team size by +1, and 50 gold."
0,3-Prismatic,Min-Max,,TFT_Augment_MinMaxer,Gain a Golden Item Remover and 4 random components. Golden Item Remover is a Magnetic Remover with infinite uses.
0,3-Prismatic,Money Monsoon,,TFT_Augment_MoneyMonsoon,Gain 7 gold now and every round for the rest of the game.
0,3-Prismatic,Nine Lives,,TFT_Augment_NineLives,"Set your current and max player Health to 9. On combat loss, you only lose 1 health and gain loot. You can't gain health."
0,3-Prismatic,"One Buff, Two Buff",,TFT_Augment_OneBuffTwoBuff,"Gain a Red Buff, a Blue Buff, and a Champion Duplicator."
0,3-Prismatic,Piercing Lotus II,,TFT_Augment_PiercingLotus2,"Your team gains [critchance]% Critical Strike chance, and their Abilities can critically strike. Critical strikes 20% Shred and Sunder the target for 3 seconds."
0,3-Prismatic,Prismatic Destiny,,TFT_Augment_PrismaticDestiny,Gain a random Prismatic Augment and 3 gold.
0,3-Prismatic,Prismatic Destiny+,,TFT_Augment_PrismaticDestinyPlus,Gain a random Prismatic Augment and 7 gold.
0,3-Prismatic,Prismatic Pipeline,,TFT_Augment_PrismaticPipeline,The next non-player combat round will drop an additional Prismatic Orb full of amazing loot.
0,3-Prismatic,Protagonist,,TFT_Augment_Protagonist,"Gain a random 1-cost Champion Augment. After 3 turns, gain a copy of the champion at the start of every turn."
0,3-Prismatic,Quality Over Quantity,,TFT_Augment_QualityOverQuantity,Champions holding exactly 1 item upgrade that item to Radiant. Champions holding Radiant items gain 7% Health. Gain 2 Magnetic Removers. Thief's Gloves counts as multiple items.
0,3-Prismatic,Questing Hero,,TFT_Augment_QuestingHero,"The first time you field 5 distinct unlockable champions in a player combat, gain a massive reward!"
0,3-Prismatic,Retribution,,TFT_Augment_Retribution,Gain 2 Hands of Justice. Allies equipped with Hand of Justice gain Precision and 25% Critical Strike Chance. {{TFT_Keyword_Precision}}
0,3-Prismatic,Scapegoat,,TFT_Augment_ParentingForDummies,"Gain a Training Dummy and 2 gold. If it is the first to die each player combat, gain 1 gold."
0,3-Prismatic,Shimmerscale Essence,,TFT_Augment_ShimmerscaleEssence,"Gain a Mogul's Mail. In [combatnum] rounds, gain a Gamblers Blade. These items give gold as well as combat power."
0,3-Prismatic,Soul Awakening,,TFT_Augment_AwakenedSoul,"Combat start: Your team gains 1.5% Attack Damage and Ability Power per second for 10 seconds. At max stacks, deal 11% bonus true damage."
0,3-Prismatic,Spellcaster's Toolbox,,TFT_Augment_SpellcastersToolbox,"Gain a Manazane. In [combatnum] rounds, gain a Zhonya's Paradox."
0,3-Prismatic,Spirit Link II,,TFT_Augment_SpiritLink2,Champions restore [BaseRegenBonus*100]% of their max Health every 2 seconds. Increase the healing by [RegenPerMissingHP]% for every 10 missing player Health.
0,3-Prismatic,Sponging,,TFT_Augment_Sponging,Combat start: Up to 6 champions with 1 or fewer items gain a copy of a random completed item from the nearest itemized ally.
0,3-Prismatic,Subscription Service,,TFT_Augment_SubscriptionService,"Now and at the start of each Stage, open a Shop of 4 unique 4-cost champions and gain 6 gold."
0,3-Prismatic,Support Golem II,,TFT_Augment_SupportSentinel2,"Gain 1 Golem that fights for your team, holding 1 permanently attached Support item(s)."
0,3-Prismatic,Sweet Treats,,TFT_Augment_SweetTreats,"Gain an Artifact anvil. Your team gains 16 Health for each item equipped on champions. Health Gained: [TFTUnitProperty.item:TFT_Augment_SweetTreats_TeamHealth] Magic N' Mayhem Tactician's Crown, 2024"
0,3-Prismatic,Sword Overflow,,TFT_Augment_SwordOverflow,Gain 4 B.F. Swords. Your B.F. Swords grant +3% Attack Speed.
0,3-Prismatic,Tactician's Kitchen,,TFT_Augment_TacticiansKitchen,"Gain a random Emblem. After 3 rounds, gain a Tactician's Cape."
0,3-Prismatic,Tactician's Kitchen,,TFT_Augment_TacticiansKitchen_HR,"Gain a random Emblem. After 4 rounds, gain a Tactician's Cape."
0,3-Prismatic,The Trait Tree,,TFT_Augment_TraitTree,"Gain 3 random Emblems, a Reforger, and 2 gold."
0,3-Prismatic,The Trait Tree+,,TFT_Augment_TraitTreePlus,"Gain 3 random Emblems, a Reforger, and 4 gold."
0,3-Prismatic,Tomb Raider II,,TFT_Augment_TombRaider2,"Gain 1 completed item anvil. Every time a player is eliminated, choose one of their completed items to keep."
0,3-Prismatic,Trickster's Treat,,TFT_Augment_TrickstersGlassAugment,"Get a Trickster's Glass. Your Trickster's Glass summons clones every 9 seconds, but each additional clone has 40% Max Health and 120% Max Mana."
0,3-Prismatic,Trifecta II,,TFT_Augment_Trifecta2,Gain [numunits] 3-cost champions. Allies gain 5% Attack Speed. Combat Start: 3 random 3-cost champions gain 300 Health and 25% Attack Speed.
0,3-Prismatic,Trifecta II,,TFT_Augment_Trifecta2_Set7,Gain [numunits] tier-3 champions. Allies gain 5% Attack Speed. Combat Start: 3 random tier-3 champions gain 300 Health and 25% Attack Speed.
0,3-Prismatic,Unlimited Power,,TFT_Augment_UnlimitedPower,"Gain a Nashor's Tooth, a Jeweled Gauntlet, a Needlessly Large Rod and a Magnetic Remover. Useful for Magic Carries!"
0,3-Prismatic,Upward Mobility,,TFT_Augment_UpwardMobility,Buying XP costs 1 less. Gain 2 Health and 1 free rerolls whenever you level up.
0,3-Prismatic,Void Swarm,,TFT_Augment_VoidborneHR,Gain a Zz'Rot Portal and another after every [NumberOfCombats] player combats. Zz'Rot Portal Voidlings gain 40% Attack Speed and 25% Omnivamp.
0,3-Prismatic,Void Swarm,,TFT_Augment_Voidborne,Gain a Zz'Rot Portal and another after every [NumberOfCombats] player combats. Zz'Rot Portal Voidlings gain 30.0% Attack Speed and 30.0% Omnivamp.
0,3-Prismatic,Wand Overflow,,TFT_Augment_WandOverflow,Gain 4 Needlessly Large Rods. Your Needlessly Large Rods grant +5% Attack Speed.
0,3-Prismatic,Water Lotus II,,TFT_Augment_WaterLotus2,"Your team gains 20% Critical Strike chance, and their Abilities can critically strike. If an Ability critically strikes, restore 15% of your Mana over 3 seconds."
0,3-Prismatic,We Stick Together,,TFT_Augment_WeStickTogether,"Gain a random Emblem and a completed item anvil. Allies that share a trait with that Emblem gain 30% Attack Speed. [TFTUnitProperty.item:TFT_Augment_WeStickTogether_Tooltip] Into The Arcane Tactician's Crown, 2025"
0,3-Prismatic,Win Out,,TFT_Augment_WinOut,"When you reach level 9, immediately level to 10 and gain 8 free Shop rerolls. Gain 10 XP now."
0,3-Prismatic,Worth the Wait II,,TFT_Augment_WorthTheWaitPrismatic,Gain 2 copies of a random [unittier]-cost champion. Gain another copy of them at the start of each round for the rest of the game. Champion: [TFTUnitProperty.item:TFT_Augment_WorthTheWait]
0,3-Prismatic,Woven Magic,,TFT_Augment_TheVidalion,Gain a random item component. Every 2200 Mana your team spends grants an additional component (max [TFTUnitProperty.trait:TFT_Augment_TheVidalion_NumComponents]/3). Mana spent: [TFTUnitProperty.trait:TFT_Augment_TheVidalion_TrackedMana]/2200
0,?,Bad Odds,,TFT_Augment_BadOdds,"You can only reach even levels, but the XP cost to each level is reduced. Gain 6 XP."
0,?,Changeling,,TFT_Augment_Changeling,"Get a [StarLevel]-star Changeling, which benefits from all active traits. Each round, gain a consumable which turns the Changeling into a random champion. The unit's tier goes up each stage. Gain a golden remover."
0,?,Changing Glamour,,TFT_Augment_Changeling_GlamourItemTier4,Use this on the Changeling to transform them into a new champion! Refreshes each round
0,?,Changing Glamour,,TFT_Augment_Changeling_GlamourItemTier5,Use this on the Changeling to transform them into a new champion! Refreshes each round
0,?,Changing Glamour,,TFT_Augment_Changeling_GlamourItemTier2,Use this on the Changeling to transform them into a new champion! Refreshes each round
0,?,Changing Glamour,,TFT_Augment_Changeling_GlamourItemTier3,Use this on the Changeling to transform them into a new champion! Refreshes each round
0,?,Changing Glamour,,TFT_Augment_Changeling_GlamourItemTier1,Use this on the Changeling to transform them into a new champion! Refreshes each round
0,?,Dummy Backpacks,,TFT_Augment_DummyPower,Your dummies can equip items and use item-related consumables. Gain a Training Dummy.
0,?,Gain @Gold@ Gold,,TFT_Augment_GainGold,Gain 21 gold.
0,?,Geared-Up Golems,,TFT_Augment_GolemPower,Your golems can equip items and gain consumables. Gain a golem.
0,?,God Willow's Grove,,TFT_Augment_GodWillowsGrove,The champion in your right-most bench slot contributes its non-unique traits as though it was on your team.
0,?,Growing Up,,TFT_Augment_GrowingUp,"Gain a 2-star 1-cost champion, and an item they can use. Each stage, you can choose to Grow Up into a higher-cost champion or to keep the current one. While Growing Up, the unit cannot be sold or combined."
0,?,Guess Ahead,,TFT_Augment_PIckEms,"In 8 rounds, get up to 18 gold based on how close you are to your current ranking in the lobby."
0,?,Health is Wealth III,,TFT_Augment_WealthyRehab3,Your team gains 20% Omnivamp. Get a bonus of 30 gold when your team first accumulates 10000 total champion healing. Total Healing: [TFTUnitProperty.item:TFT_Augment_WealthyRehabHealing]
0,?,Instant Gratification,,TFT_Augment_InstantGratification2,"The first time you unlock each champion, immediately gain a copy."
0,?,Narrow Mind,,TFT_Augment_NarrowMind,"For the rest of the game you have only have 2 bench slots, but your rerolls cost 1g. Gain 10 gold."
0,?,Pandora's Pocket Lint,,TFT_Augment_PandorasPocketLint,Alternate between gaining a Magnetic Remover and Reforger every 2 rounds. Gain a random component after every carousel.
0,?,Pirates,,TFT_Augment_Pirates3,Your allies have a rare chance to drop treasure chests when they kill enemy champions.
0,?,Powered By Pain,,TFT_Augment_PoweredByPain,"When your champions get a kill, they get 5 bonus mana per 100 overkill damage; this bonus increases with significant excess damage."
0,?,Restart Mission +,,TFT_Augment_RestartMissionPlus,"Delete all champions on your board and bench. Gain a random 2-star 4-cost, two 2-star 3-cost, two 2-star 2-cost, and 2-star 1-cost champion."
0,?,Row Rejuvenation I,,TFT_Augment_ReinforcedRejuvenation1,"Your team has 7% Omnivamp, increased by 0% for every champion that starts combat in that same row."
0,?,Row Rejuvenation II,,TFT_Augment_ReinforcedRejuvenation2,"Your team has 10% Omnivamp, increased by 1.5% for every champion that starts combat in that same row."
0,?,Share the Spotlight,,TFT_Augment_ShareTheSpotlight,"Gain a spotlight in the back corner of your board. All units in the spotlight gain 14% Damage Amp, 11% Omnivamp, and 2 Mana per second."
0,?,Shipping Route,,TFT_Augment_ShippingRoute,"Every loot orb you open creates a copy in Treasure Portal, where they gain value each turn. Sell the Treasure Portal to open all the orbs inside. Gain several bonus orbs now. Portal Value: [TFTUnitProperty.item:TFT_Augment_ShippingRoute_Tracker]"
0,?,Spellblade,,TFT_Augment_AbilityAmplification,"Your team gains 2% stacking Ability Power every time they attack, up to [maxstacks] stacks."
0,?,TFT_DoubleUpAugment_FamilyHeirlooms_Name,,TFT_DoubleUpAugment_FamilyHeirlooms,TFT_DoubleUpAugment_FamilyHeirlooms_Description
0,?,TFT_DoubleUpAugment_GoodParenting_Name,,TFT_DoubleUpAugment_GoodParenting,TFT_DoubleUpAugment_GoodParenting_Description
0,?,TFT_DoubleUpAugment_SpeedySupport_Name,,TFT_DoubleUpAugment_SpeedySupport,TFT_DoubleUpAugment_SpeedySupport_Description
0,?,TFT_DoubleUpAugment_WiseInvestment_Name,,TFT_DoubleUpAugment_WiseInvestment,TFT_DoubleUpAugment_WiseInvestment_Description
0,?,The One Who Knocks,,TFT_Augment_TheOneWhoKnocks,"Gain a Silvermere Dawn. In [combatnum] rounds, gain a Horizon Focus. One causes Stuns, and in 3 rounds, the other makes those Stuns hurt...a lot."
0,?,Trade Sector,,TFTEvent_PM_Augment_TradeSector,Gain a free Shop reroll every round. Gain 8 gold.
0,?,Training Manual,,TFT_Augment_ExpensiveHamburger,"Gain 50 Health and 5% Attack Speed. Gain a Training Manual, which converts 1 gold into 0% Attack Speed and 10 Health. Subsequent uses increase the cost and the bonus. Cost: [TFTUnitProperty.item:TFT_Augment_ExpensiveHamburger_GoldCostTooltip] Giving [TFTUnitProperty.item:TFT_Augment_ExpensiveHamburger_ASTotal]% Attack Speed and [TFTUnitProperty.item:TFT_Augment_ExpensiveHamburger_HealthTotal] Health"
0,?,Training Manual,,TFT_Augment_ExpensiveHamburger_Item,Use this on a champion to spend [TFTUnitProperty.item:TFT_Augment_ExpensiveHamburger_GoldCostTooltip] gold and permanently give your team [TFTUnitProperty.item:TFT_Augment_ExpensiveHamburger_HealthPerStack] health and [TFTUnitProperty.item:TFT_Augment_ExpensiveHamburger_ASPerStack]% attack speed
0,?,Training Manual,,TFT_Augment_AllIn,"Get a Training Manual. Once per round, use the Training Manual on a champion to spend five gold and give them 10 Health and 10 Attack Speed. [TFTUnitProperty.item:TFT_Augment_ALLin_Tooltip]"
0,?,Trapper's Delight,,TFT_Augment_TrappersDelight,"Gain 2 Training Dummies. When your dummies die, they explode and stun enemies within 1 hexes for 1 seconds. Every 6 seconds, the duration and size increase to a maximum of 3 seconds and 2 hexes."
0,?,Underdogs,,TFT_Augment_Underdogs,"Whenever your team has fewer allies alive than your opponent, regenerate 4% missing Health each second (Max: 150)."
0,?,Within The Margins,,TFT_Augment_WithinTheMargins,"Start with a pool of 80 gold. After each combat, subtract 4 gold for each remaining champion alive on either team. After [Rounds] rounds, gain all remaining gold. Gold: [TFTUnitProperty.item:TFT_Augment_WithinTheMargins] Rounds Remaining: [TFTUnitProperty.item:TFT_Augment_WithinTheMarginsRounds]"
0,?,Within the Margins+,,TFT_Augment_WithinTheMarginsPlus,"Start with a pool of 100 gold. After each combat, subtract 4 gold for each remaining champion alive on either team. After [Rounds] rounds, gain all remaining gold. Gold: [TFTUnitProperty.item:TFT_Augment_WithinTheMargins] Rounds Remaining: [TFTUnitProperty.item:TFT_Augment_WithinTheMarginsRounds]"
4,2-Gold,Assassin Crest,TFT4_Assassin,TFT4_Augment_AssassinCrest,Gain an Assassin Emblem and a Pyke.
4,2-Gold,Brawler Crest,TFT4_Brawler,TFT4_Augment_BrawlerCrest,Gain a Brawler Emblem and a Vi.
4,2-Gold,Cult's Offerings,TFT4_Cultist,TFT4_Augment_Cultist,"For every Gold above 30, up to 60, that you have at the start of planning, Galio permanently gains 5 health. Gain a Twisted Fate, Pyke, and Elise. (Health Gained:&nbsp;[TFTUnitProperty.item:TFT4_Augment_Cultist_HealthGained])"
4,2-Gold,Cultist Crest,TFT4_Cultist,TFT4_Augment_CultistCrest,Gain a Cultist Emblem and a Pyke.
4,2-Gold,Divine Crest,TFT4_Divine,TFT4_Augment_DivineCrest,Gain a Divine Emblem and a Jax.
4,2-Gold,Divine Zeal,TFT4_Divine,TFT4_Augment_Divine,"When Ascended, Divine units also gain 25% Attack Speed. Gain a Nasus."
4,2-Gold,Dragonsoul Crest,TFT4_Dragonsoul,TFT4_Augment_DragonsoulCrest,Gain a Dragonsoul Emblem and a Braum.
4,2-Gold,Duelist Crest,TFT4_Duelist,TFT4_Augment_DuelistCrest,Gain a Duelist Emblem and a Jax.
4,2-Gold,Elderwood Crest,TFT4_Elderwood,TFT4_Augment_ElderwoodCrest,Gain an Elderwood Emblem and a Rakan.
4,2-Gold,Enlightened Crest,TFT4_Enlightened,TFT4_Augment_EnlightenedCrest,Gain an Enlightened Emblem and a Janna.
4,2-Gold,Executioner's Cut,TFT4_Executioner,TFT4_Augment_Executioner,Your Executioners execute enemies below 10% health. Executions have a 15% chance to drop 1 gold. Gain a Kindred.
4,2-Gold,Fortune Crest,TFT4_Fortune,TFT4_Augment_FortuneCrest,Gain a Fortune Emblem and an Annie.
4,2-Gold,Growing Roots,TFT4_Elderwood,TFT4_Augment_Elderwood,Elderwood units gain 100 Maximum Health (caps at 500) for each round they have stayed in their initial hex. Gain a Maokai and a Lulu.
4,2-Gold,Keeper Crest,TFT4_Keeper,TFT4_Augment_KeeperCrest,Gain a Keeper Emblem and a Jarvan IV.
4,2-Gold,Mage Crest,TFT4_Mage,TFT4_Augment_MageCrest,Gain a Mage Emblem and a Lulu.
4,2-Gold,Money Dummy,TFT4_Fortune,TFT4_Augment_Fortune,"When Fortune is active, gain a helpful Money Dummy that aids you in combat or drops gold depending on if it is in the front or back row. Gain a Tahm Kench and Annie."
4,2-Gold,Mother Dragon Breath,TFT4_Dragonsoul,TFT4_Augment_Dragonsoul,"After 8 seconds of combat, the Dragon strikes the board, dealing 20% of max Health in magic damage to enemies and granting all allies 11% Attack Speed for the rest of combat. Gain a Tristana and a Braum."
4,2-Gold,Ricochet Shot,TFT4_Sharpshooter,TFT4_Augment_Sharpshooter,Sharpshooters' attacks and abilities bounce 1 extra time for 40% of original damage. Gain a Tristana and Teemo.
4,2-Gold,Slayer Crest,TFT4_Slayer,TFT4_Augment_SlayerCrest,Gain a Slayer Emblem and a Zed.
4,2-Gold,Slayer's Resolve,TFT4_Slayer,TFT4_Augment_Slayer,"When your Slayers take or deal damage, they gain 2 stacking Armor and Magic Resistance for the rest of combat (max: 25 stacks). Gain a Pyke and a Zed."
4,2-Gold,Spirit Crest,TFT4_Spirit,TFT4_Augment_SpiritCrest,Gain a Spirit Emblem and a Teemo.
4,2-Gold,Syphoner Crest,TFT4_Syphoner,TFT4_Augment_SyphonerCrest,Gain a Syphoner Emblem and a Vladimir.
4,2-Gold,The Exiled One,TFT4_Exile,TFT4_Augment_Exile,"Gain a Yasuo and Yone. This Yone cannot be fielded until Stage 5 or when Yasuo gains 30 kills, whichever comes sooner. (Kills:&nbsp;[TFTUnitProperty.item:TFT4_Augment_Exile_KillCounter])"
4,2-Gold,The Fabled One,TFT4_Fabled,TFT4_Augment_WukongCarry,"Gain a 2-star Wukong. Your strongest Wukong gains the Fabled trait. When Wukong is 3-star and the Fabled trait is active, he restores his past glory."
4,2-Gold,Tyrannical Warlord,TFT4_Warlord,TFT4_Augment_Warlord,"At the start of combat, the Warlord who dealt the most damage last combat becomes the Tyrant. The Tyrant gains 25% Damage Amp. Gain a Jarvan IV and a Nidalee."
4,2-Gold,Vanguard Crest,TFT4_Vanguard,TFT4_Augment_VanguardCrest,Gain a Vanguard Emblem and a Nautilus.
4,2-Gold,Warlord Crest,TFT4_Warlord,TFT4_Augment_WarlordCrest,Gain a Warlord Emblem and a Vi.
4,3-Prismatic,Assassin Crown,TFT4_Assassin,TFT4_Augment_AssassinCrown,"Gain a Assassin Emblem, an Edge of Night and a Pyke."
4,3-Prismatic,Brawler Crown,TFT4_Brawler,TFT4_Augment_BrawlerCrown,"Gain a Brawler Emblem, a Bloodthirster, and a Vi."
4,3-Prismatic,Cultist Crown,TFT4_Cultist,TFT4_Augment_CultistCrown,"Gain a Cultist Emblem, a Sunfire Cape, and a Pyke."
4,3-Prismatic,Divine Crown,TFT4_Divine,TFT4_Augment_DivineCrown,"Gain a Divine Emblem, a Quicksilver and a Jax."
4,3-Prismatic,Dragonsoul Crown,TFT4_Dragonsoul,TFT4_Augment_DragonsoulCrown,"Gain a Dragonsoul Emblem, an Ionic Spark, and a Braum."
4,3-Prismatic,Duelist Crown,TFT4_Duelist,TFT4_Augment_DuelistCrown,"Gain a Duelist Emblem, a Titan's Resolve, and a Jax."
4,3-Prismatic,Elderwood Crown,TFT4_Elderwood,TFT4_Augment_ElderwoodCrown,"Gain an Elderwood Emblem, a Warmog's Armor, and a Rakan."
4,3-Prismatic,Enlightened Crown,TFT4_Enlightened,TFT4_Augment_EnlightenedCrown,"Gain an Enlightened Emblem, a Spear of Shojin, and a Janna."
4,3-Prismatic,Fortune Crown,TFT4_Fortune,TFT4_Augment_FortuneCrown,"Gain a Fortune Emblem, a Gargoyle Stoneplate, and an Annie."
4,3-Prismatic,Keeper Crown,TFT4_Keeper,TFT4_Augment_KeeperCrown,"Gain a Keeper Emblem, a Morellonomicon, and a Jarvan IV."
4,3-Prismatic,Mage Crown,TFT4_Mage,TFT4_Augment_MageCrown,"Gain a Mage Emblem, a Jeweled Gauntlet, and a Lulu."
4,3-Prismatic,Slayer Crown,TFT4_Slayer,TFT4_Augment_SlayerCrown,"Gain a Slayer Emblem, a Hand of Justice, and a Zed."
4,3-Prismatic,Spirit Crown,TFT4_Spirit,TFT4_Augment_SpiritCrown,"Gain a Spirit Emblem, a Nashor's Tooth, and a Teemo."
4,3-Prismatic,Syphoner Crown,TFT4_Syphoner,TFT4_Augment_SyphonerCrown,"Gain a Syphoner Emblem, an Adaptive Helm, and a Vladimir."
4,3-Prismatic,Vanguard Crown,TFT4_Vanguard,TFT4_Augment_VanguardCrown,"Gain a Vanguard Emblem, a Bramble Vest, and a Nautilus."
4,3-Prismatic,Warlord Crown,TFT4_Warlord,TFT4_Augment_WarlordCrown,"Gain a Warlord Emblem, a Sterak's Gage, and a Vi."
5,2-Gold,Abomination Crest,TFT5_Abomination,TFT5_Augment_AbominationCrest,Gain an Abomination Emblem and a Brand.
5,2-Gold,Assassin Crest,TFT5_Assassin,TFT5_Augment_AssassinCrest,Gain an Assassin Emblem and a Khazix.
5,2-Gold,Brawler Crest,TFT5_Brawler,TFT5_Augment_BrawlerCrest,Gain an Brawler Emblem and a Sett.
5,2-Gold,Cannoneer Crest,TFT5_Cannoneer,TFT5_Augment_CannoneerCrest,Gain a Cannoneer Emblem and a Tristana.
5,2-Gold,Cavalier Crest,TFT5_Cavalier,TFT5_Augment_CavalierCrest,Gain a Cavalier Emblem and a Hecarim.
5,2-Gold,Dawnbringer Crest,TFT5_Dawnbringer,TFT5_Augment_DawnbringerCrest,Gain a Dawnbringer Emblem and a Gragas.
5,2-Gold,Death Approaches,TFT5_Knight|TFT5_Forgotten,TFT5_Augment_ThreshCarry,"Gain a Thresh. Your strongest Thresh's Ability now pulls himself to his target, empowers his next attack to deal 300% Ability Power as bonus magic damage, and Mana cost is reduced by 60 (down from 120)."
5,2-Gold,Death Approaches+,TFT5_Knight|TFT5_Forgotten,TFT5_Augment_ThreshCarryPlus,"Gain a 2-star Thresh. Your strongest Thresh's Ability now pulls himself to his target, empowers his next attack to deal 300% Ability Power as bonus magic damage, and Mana cost is reduced by 60 (down from 120)."
5,2-Gold,Draconic Crest,TFT5_Draconic,TFT5_Augment_DraconicCrest,Gain a Draconic Emblem and a Zyra.
5,2-Gold,Egg-o-nomics,TFT5_Draconic,TFT5_Augment_Draconic,Draconic Eggs hatch into additional Gold. Gain a Sett and an Ashe.
5,2-Gold,Equestrian Training,TFT5_Hellion|TFT5_Cavalier,TFT5_Augment_KledCarry,Gain a 2-star Kled. Your strongest Kled gains 10% Damage Amp and the ability to remount after attacking or getting hit 9 times in dismounted state.
5,2-Gold,Fiendish Farewell,TFT5_Hellion,TFT5_Augment_Hellion,"Whenever a Hellion dies, the portal casts a fireball dealing 66-666 magic damage (based on stage). At 6 Health, heal [heal] at the end of combat. Gain a Kennen."
5,2-Gold,Forgotten Arsenal,TFT5_Forgotten,TFT5_Augment_Forgotten,"For each active tier of the Forgotten trait, gain a different Shadow Support item. Gain a Thresh. Shadow Support items give powerful bonuses to allies at a cost."
5,2-Gold,Forgotten Crest,TFT5_Forgotten,TFT5_Augment_ForgottenCrest,Gain a Forgotten Emblem and a Vayne.
5,2-Gold,Hellion Crest,TFT5_Hellion,TFT5_Augment_HellionCrest,Gain a Hellion Emblem and a Kennen.
5,2-Gold,Invoker Crest,TFT5_Invoker,TFT5_Augment_InvokerCrest,Gain a Invoker Emblem and a Syndra.
5,2-Gold,Ironclad Crest,TFT5_Ironclad,TFT5_Augment_IroncladCrest,Gain a Ironclad Emblem and a Nautilus.
5,2-Gold,Knight Crest,TFT5_Knight,TFT5_Augment_KnightCrest,Gain a Knight Emblem and a Thresh.
5,2-Gold,Legionnaire Crest,TFT5_Legionnaire,TFT5_Augment_LegionnaireCrest,Gain a Legionnaire Emblem and an Irelia.
5,2-Gold,Morning Dew,TFT5_Dawnbringer,TFT5_Augment_Dawnbringer,"Once per combat at 50% Health, Dawnbringers gain 60 Mana over 5 seconds. Gain a Nidalee."
5,2-Gold,Mystic Crest,TFT5_Mystic,TFT5_Augment_MysticCrest,Gain a Mystic Emblem and a Lulu.
5,2-Gold,Night's Wrath,TFT5_Knight|TFT5_Forgotten,TFT5_Augment_SejuaniCarry,"Gain a Sejuani. While Frost Armor is active, your strongest Sejuani's attacks deal an additional 180.0% of Sejuani's Armor as magic damage."
5,2-Gold,Night's Wrath+,TFT5_Knight|TFT5_Forgotten,TFT5_Augment_SejuaniCarryPlus,"Gain a 2-star Sejuani. While Frost Armor is active, your strongest Sejuani's attacks deal an additional 180.0% of Sejuani's Armor as magic damage."
5,2-Gold,Nightbringer Crest,TFT5_Nightbringer,TFT5_Augment_NightbringerCrest,Gain a Nightbringer Emblem and a Sejuani.
5,2-Gold,Nightfall,TFT5_Nightbringer,TFT5_Augment_Nightbringer,"Nightbringers take 30.0% max health damage at the start of combat, and gain additional 30.0% max Health shield and 10% bonus damage when the trait activates. Gain a Yasuo."
5,2-Gold,Ranger Crest,TFT5_Ranger,TFT5_Augment_RangerCrest,Gain a Ranger Emblem and a Varus.
5,2-Gold,Redeemed Crest,TFT5_Redeemed,TFT5_Augment_RedeemedCrest,Gain a Redeemed Emblem and a Syndra.
5,2-Gold,Renewer Crest,TFT5_Renewer,TFT5_Augment_RenewerCrest,Gain a Renewer Emblem and a Soraka.
5,2-Gold,Revenant Crest,TFT5_Revenant,TFT5_Augment_RevenantCrest,Gain a Revenant Emblem and a Nocturne.
5,2-Gold,Road to Redemption,TFT5_Redeemed,TFT5_Augment_Redeemed,"Redeemed units heal for 500 (split evenly) when a Redeemed ally dies. The first time you heal 12500 this way, gain a Redemption. Gain a Lux. (Current:&nbsp;[TFTUnitProperty.item:TFT5_Augment_Redeemed_AmountHealed])"
5,2-Gold,Sentinel Crest,TFT5_Sentinel,TFT5_Augment_SentinelCrest,Gain a Sentinel Emblem and a Senna.
5,2-Gold,Skirmisher Crest,TFT5_Skirmisher,TFT5_Augment_SkirmisherCrest,Gain a Skirmisher Emblem and an Olaf.
5,2-Gold,Spellweaver Crest,TFT5_Spellweaver,TFT5_Augment_SpellweaverCrest,Gain a Spellweaver Emblem and a Brand.
5,2-Gold,The Bloodharbor Zealot,TFT5_Assassin|TFT5_Sentinel,TFT5_Augment_PykeCarry,"Gain a Pyke. Your strongest Pyke's Ability deals 180.0% damage, Mana cost is reduced by 60 (down from 120), but no longer Stuns."
5,2-Gold,The Bloodharbor Zealot+,TFT5_Assassin|TFT5_Sentinel,TFT5_Augment_PykeCarryPlus,"Gain a 2-star Pyke. Your strongest Pyke's Ability deals 200% damage, Mana cost is reduced by 60 (down from 120), but no longer Stuns."
5,2-Gold,The Monstrous Chopper,TFT5_Abomination,TFT5_Augment_Abomination,The Monstrosity equips an axe! Its attacks now cleave in a cone in front of it for 50% of physical damage. Gain a Kalista and a Nunu.
5,2-Gold,The Phoenix and the Bear,TFT5_Draconic|TFT5_Skirmisher,TFT5_Augment_UdyrCarry,"Gain 2-star Udyr. When your strongest Udyr transforms, gain bonus effects: Reduce Mana cost by 10. Turtle: Deal Magic Damage in a cone. Tiger: Stun the enemy."
5,2-Gold,The Sentinels of Light,TFT5_Sentinel,TFT5_Augment_Sentinel,"Whenever the Sentinel shield is passed to a new target, all Sentinel units gain 10% Attack Speed, stacking up to 12 times. Gain an Olaf and a Senna."
5,3-Prismatic,Abomination Crown,TFT5_Abomination,TFT5_Augment_AbominationCrown,"Gain an Abomination Emblem, a Titan's Resolve, and a Brand."
5,3-Prismatic,Assassin Crown,TFT5_Assassin,TFT5_Augment_AssassinCrown,"Gain an Assassin Emblem, a Last Whisper, and a Khazix."
5,3-Prismatic,Brawler Crown,TFT5_Brawler,TFT5_Augment_BrawlerCrown,"Gain an Brawler Emblem, a Bramble Vest, and a Sett."
5,3-Prismatic,Cannoneer Crown,TFT5_Cannoneer,TFT5_Augment_CannoneerCrown,"Gain a Cannoneer Emblem, a Guinsoo Rageblade, and a Tristana."
5,3-Prismatic,Cavalier Crown,TFT5_Cavalier,TFT5_Augment_CavalierCrown,"Gain a Cavalier Emblem, a Sunfire Cape, and a Hecarim."
5,3-Prismatic,Dawnbringer Crown,TFT5_Dawnbringer,TFT5_Augment_DawnbringerCrown,"Gain a Dawnbringer Emblem, a Warmog's Armor, and a Gragas."
5,3-Prismatic,Draconic Crown,TFT5_Draconic,TFT5_Augment_DraconicCrown,"Gain a Draconic Emblem, an Archangel Staff, and a Zyra."
5,3-Prismatic,Forgotten Crown,TFT5_Forgotten,TFT5_Augment_ForgottenCrown,"Gain a Forgotten Emblem, a Guinsoo's Rageblade, and a Vayne."
5,3-Prismatic,Hellion Crown,TFT5_Hellion,TFT5_Augment_HellionCrown,"Gain a Hellion Emblem, a Morellonomicon, and a Kennen."
5,3-Prismatic,Invoker Crown,TFT5_Invoker,TFT5_Augment_InvokerCrown,"Gain a Invoker Emblem, a Spear of Shojin, and a Syndra."
5,3-Prismatic,Ironclad Crown,TFT5_Ironclad,TFT5_Augment_IroncladCrown,"Gain a Ironclad Emblem, a Gargoyle Stoneplate, and a Nautilus."
5,3-Prismatic,Knight Crown,TFT5_Knight,TFT5_Augment_KnightCrown,"Gain a Knight Emblem, a Gargoyle Stoneplate, and a Thresh."
5,3-Prismatic,Legionnaire Crown,TFT5_Legionnaire,TFT5_Augment_LegionnaireCrown,"Gain a Legionnaire Emblem, an Infinity Edge, and an Irelia."
5,3-Prismatic,Mystic Crown,TFT5_Mystic,TFT5_Augment_MysticCrown,"Gain a Mystic Emblem, an Ionic Spark, and a Lulu."
5,3-Prismatic,Nightbringer Crown,TFT5_Nightbringer,TFT5_Augment_NightbringerCrown,"Gain a Nightbringer Emblem, a Hand of Justice, and a Sejuani."
5,3-Prismatic,Ranger Crown,TFT5_Ranger,TFT5_Augment_RangerCrown,"Gain a Ranger Emblem, a Deathblade, and a Varus."
5,3-Prismatic,Redeemed Crown,TFT5_Redeemed,TFT5_Augment_RedeemedCrown,"Gain a Redeemed Emblem, a Hand Of Justice, and a Syndra."
5,3-Prismatic,Renewer Crown,TFT5_Renewer,TFT5_Augment_RenewerCrown,"Gain a Renewer Emblem, a Spear of Shojin, and a Soraka."
5,3-Prismatic,Revenant Crown,TFT5_Revenant,TFT5_Augment_RevenantCrown,"Gain a Revenant Emblem, a Bloodthirster, and a Nocturne."
5,3-Prismatic,Sentinel Crown,TFT5_Sentinel,TFT5_Augment_SentinelCrown,"Gain a Sentinel Emblem, a Giant Slayer, and a Senna."
5,3-Prismatic,Skirmisher Crown,TFT5_Skirmisher,TFT5_Augment_SkirmisherCrown,"Gain a Skirmisher Emblem, a Bloodthirster, and a Olaf."
5,3-Prismatic,Spellweaver Crown,TFT5_Spellweaver,TFT5_Augment_SpellweaverCrown,"Gain a Spellweaver Emblem, a Jeweled Gauntlet, and a Brand."
6,1-Silver,Cybernetic Shell I,,TFT6_Augment_CyberneticShell1,Your champions holding an item gain 80 Health and 30 Armor.
6,1-Silver,Cybernetic Uplink I,,TFT6_Augment_CyberneticUplink1,Allies holding an item gain 80 Health and 2 Mana Regen. Gain a Tear of the Goddess.
6,1-Silver,Double Trouble I,,TFT6_Augment_Twins1,"When you field exactly 2 copies of a champion, they both gain 25% Attack Damage and 25% Ability Power, Armor, and Magic Resist. When you 3-star, gain a 2-star copy."
6,1-Silver,Electrocharge I,,TFT6_Augment_Electrocharge1,"Every 4 attacks an ally takes, they deal 30-90 (based on current Stage) magic damage to nearby enemies (1 second cooldown)."
6,1-Silver,Future Sight I,,TFT6_Augment_FuturePeepers,Know who you will fight next. Gain a Zephyr.
6,1-Silver,Keepers I,,TFT6_Augment_Keepers1,Combat start: Grant units with adjacent allies a 130 Health Shield for 8 seconds. This Shield stacks.
6,1-Silver,Luden's Echo I,,TFT6_Augment_LudensEcho1,"Every [ManaThreshold] Mana spent, your units next instance of Ability damage deals an additional 35-80 (based on current Stage) magic damage to the target and a nearby enemy."
6,1-Silver,"One, Two, Five!",,TFT6_Augment_OneTwoFive,"Gain 1 random component, 2 gold, and 1 random 5-cost champion."
6,1-Silver,Recombobulator,,TFT6_Augment_Recombobulator,Champions on your board permanently transform into random champions 1 cost tier higher (max 5). Gain 2 Magnetic Removers and 3 rerolls.
6,1-Silver,Second Wind,,TFT6_Augment_SecondWind1,"After 10 seconds of combat, your team heals 40% of their missing Health."
6,1-Silver,Tiny Titans,,TFT6_Augment_TinyTitans,Increase your current and max player health by [heal].
6,1-Silver,Tiny Titans,,TFT6_Augment_Legend_TinyTitans,Increase your current and max player health by [heal].
6,1-Silver,Tri Force I,,TFT6_Augment_TriForce1,"Your Tier 3 champions gain 150 Health, 10 starting Mana, and 10% Attack Speed."
6,2-Gold,Blue Battery I,,TFT6_Augment_BlueBattery1,"Your units gain 8 Ability Power. After casting their Ability, set the caster's Mana to 10."
6,2-Gold,Component Grab Bag,,TFT6_Augment_ComponentGrabBag,Gain 3 random item components.
6,2-Gold,Cybernetic Shell II,,TFT6_Augment_CyberneticShell2,Your champions holding an item gain 120 Health and 40 Armor.
6,2-Gold,Cybernetic Uplink,,TFT6_Augment_CyberneticUplink2,Allies holding an item gain 100 Health and 2 Mana Regen. Gain a Tear of the Goddess.
6,2-Gold,Double Trouble,,TFT6_Augment_Twins2,"When you field exactly 2 copies of a champion, they both gain 30% Attack Damage and 30% Ability Power, Armor, and Magic Resist. When you 3-star, gain a 2-star copy."
6,2-Gold,Electrocharge II,,TFT6_Augment_Electrocharge2,"Every 4 attacks an ally takes, they deal 50-140 (based on current Stage) magic damage to nearby enemies (1 second cooldown)."
6,2-Gold,Keepers II,,TFT6_Augment_Keepers2,Combat start: Grant units with adjacent allies a 210 Health Shield for 8 seconds. This Shield stacks.
6,2-Gold,Luden's Echo II,,TFT6_Augment_LudensEcho2,"Every [ManaThreshold] Mana spent, your units next instance of Ability damage deals an additional 50-110 (based on current Stage) magic damage to the target and a nearby enemy."
6,2-Gold,Second Wind II,,TFT6_Augment_SecondWind2,"After 10 seconds of combat, your team heals 60% of their missing Health."
6,2-Gold,Three's Company,,TFT6_Augment_ThreesCompany,Gain 5 random 3-cost champions.
6,2-Gold,Tri Force II,,TFT6_Augment_TriForce2,"Your Tier 3 champions gain 125 Health, 15 starting Mana, and 15% Attack Speed."
6,2-Gold,True Twos,,TFT6_Augment_TrueTwos,Gain a random 2-star Tier 1 champion and a random 2-star Tier 2 champion.
6,3-Prismatic,Blue Battery II,,TFT6_Augment_BlueBattery2,"Your units gain 20 Ability Power. After casting their Ability, set the caster's Mana to 20."
6,3-Prismatic,Cybernetic Shell III,,TFT6_Augment_CyberneticShell3,Your champions holding an item gain 200 Health and 60 Armor.
6,3-Prismatic,Cybernetic Uplink III,,TFT6_Augment_CyberneticUplink3,Allies holding an item gain 275 Health and 3 Mana Regen. Gain a Tear of the Goddess.
6,3-Prismatic,Double Trouble III,,TFT6_Augment_Twins3,"When you field exactly 2 copies of a champion, they both gain 40% Attack Damage and 40% Ability Power, Armor, and Magic Resist. When you 3-star, gain a 2-star copy."
6,3-Prismatic,Electrocharge III,,TFT6_Augment_Electrocharge3,"Every [AttacksToProc] attacks an ally takes, they deal 115-235 (based on current Stage) magic damage to nearby enemies (1 second cooldown)."
6,3-Prismatic,Future Sight II,,TFT6_Augment_FuturePeepers2,Know who you will fight next. Gain a Radiant Zephyr.
6,3-Prismatic,Luden's Echo III,,TFT6_Augment_LudensEcho3,"Every 60 Mana spent, your units next instance of Ability damage deals an additional 110-300 (based on current Stage) magic damage to the target and a nearby enemy."
6,3-Prismatic,Radiant Relics,,TFT6_Augment_RadiantRelics,Choose 1 of 5 Radiant items. Gain a Magnetic Remover. Radiant items are very powerful versions of completed items.
6,3-Prismatic,The Golden Egg,,TFT6_Augment_TheGoldenEgg,Gain a golden egg that hatches in 11 turns for a huge amount of loot. Winning player combat speeds up the hatch timer by an extra turn.
6,3-Prismatic,The Golden Egg,,TFT6_Augment_TheGoldenEggHR,Gain a golden egg that hatches in 6 turns for a huge amount of loot. Winning player combat speeds up the hatch timer by an extra turn.
6,3-Prismatic,Tri Force III,,TFT6_Augment_TriForce3,"Your Tier 3 champions gain 200 Health, 25 starting Mana, and 25% Attack Speed."
6,3-Prismatic,Verdant Veil,,TFT6_Augment_VerdantVeil,Your units are immune to crowd control effects for the first 20 seconds of combat and gain 15% bonus Attack Speed.
6,?,Ancient Archives I,,TFT6_Augment_TomeOfTraits1,Gain 1 Tome of Traits and 3 gold.
6,?,Ancient Archives I,,TFT6_Augment_Legend_TomeOfTraits1,Gain 1 Tome of Traits and 3 gold.
6,?,Ascension,,TFT6_Augment_Ascension,"After 15 seconds of combat, your team gains 50% Damage Amp."
6,?,Band of Thieves II,,TFT6_Augment_BandOfThieves2,"Gain 2 Thief's Gloves. After 6 player combats, gain another."
6,?,Band of Thieves II+,,TFT6_Augment_BandOfThieves2Plus,"Gain 2 Thief's Gloves. After 5 player combats, gain another."
6,?,Band of Thieves II++,,TFT6_Augment_BandOfThieves2PlusPlus,"Gain 2 Thief's Gloves. After 3 player combats, gain another."
6,?,Battlemage I,,TFT6_Augment_Battlemage1,Your units that start combat in the front 2 rows gain 15 Armor and 15 Ability Power.
6,?,Battlemage II,,TFT6_Augment_Battlemage2,Your units that start combat in the front 2 rows gain 25 Armor and 25 Ability Power.
6,?,Battlemage III,,TFT6_Augment_Battlemage3,Your units that start combat in the front 2 rows gain 35 Armor and 35 Ability Power.
6,?,Binary Airdrop,,TFT6_Augment_BinaryAirdrop,Combat start: Champions holding 2 items gain a random 3rd completed item. Gain 2 random component now.
6,?,Built Different,,TFT6_Augment_Traitless2,Your allies with no Traits active gain 250-550 Health and 45-75% Attack Speed (based on current Stage).
6,?,Built Different I,,TFT6_Augment_Traitless1,Your allies with no Traits active gain 200-300 Health and 25-55% Attack Speed (based on current Stage).
6,?,Built Different III,,TFT6_Augment_Traitless3,Your allies with no Traits active gain 300-600 Health and 50-70% Attack Speed (based on current Stage).
6,?,Calculated Loss,,TFT6_Augment_CalculatedLoss,"After losing your combat, gain 2 gold and a free Shop reroll."
6,?,Celestial Blessing I,,TFT6_Augment_CelestialBlessing1,Your team gains 12% Omnivamp. Excess healing is converted to a shield up to 200 Health.
6,?,Celestial Blessing II,,TFT6_Augment_CelestialBlessing2,Your team gains 18% Omnivamp. Excess healing is converted to a shield up to 400 Health.
6,?,Celestial Blessing III,,TFT6_Augment_CelestialBlessing3,Your team gains 25% Omnivamp. Excess healing is converted to a shield up to 1000 Health.
6,?,Clear Mind,,TFT6_Augment_ClearMind,"If there are no champions on your bench at the end of player combat, gain 3 XP."
6,?,Commerce Core,,TFT6_Augment_TradeSector2,Gain 16 free Shop rerolls now and 3 every round for the rest of the game.
6,?,Cybernetic Implants,,TFT6_Augment_CyberneticImplants2,Allies holding an item gain 100 Health and 15% Attack Damage. Gain a B.F. Sword.
6,?,Cybernetic Implants I,,TFT6_Augment_CyberneticImplants1,Allies holding an item gain 80 Health and 10% Attack Damage. Gain a B.F. Sword.
6,?,Cybernetic Implants III,,TFT6_Augment_CyberneticImplants3,Allies holding an item gain 200 Health and 30.0% Attack Damage. Gain a B.F. Sword.
6,?,Exiles I,,TFT6_Augment_Distancing,Your champions that start combat with no adjacent champions gain a 20% max Health shield for 10 seconds.
6,?,Exiles II,,TFT6_Augment_Distancing2,Your champions that start combat with no adjacent champions gain a 30% max Health shield for 10 seconds.
6,?,Exiles III,,TFT6_Augment_Distancing3,Your champions that start combat with no adjacent champions gain a 50% max Health shield for 10 seconds.
6,?,Featherweights I,,TFT6_Augment_Featherweights1,Your Tier 1 and 2 champions gain 15% Attack Speed and Move Speed.
6,?,Featherweights II,,TFT6_Augment_Featherweights2,Your Tier 1 and 2 champions gain 30% Attack Speed and Move Speed.
6,?,Featherweights III,,TFT6_Augment_Featherweights3,Your Tier 1 and 2 champions gain 50% Attack Speed and Move Speed.
6,?,First Aid Kit I,,TFT6_Augment_FirstAidKit,All healing and shielding on your units is increased by 25%.
6,?,High End Shopping II,,TFT6_Augment_HighEndShopping,Champions appear in your Shop as if you were 1 level higher. Gain 12 gold.
6,?,High Roller,,TFT6_Augment_GrandGambler,Gain 3 Loaded Dice and 5 gold.
6,?,Hustler,,TFT6_Augment_HyperRoll,You no longer gain interest but gain 3 gold at the start of every player combat round. Gain 3 gold now. Interest is extra gold you gain per 10g saved.
6,?,Item Grab Bag,,TFT6_Augment_ItemGrabBag1,Gain 1 random completed item.
6,?,Item Grab Bag II,,TFT6_Augment_ItemGrabBag2,Gain 2 random completed items and 2 Reforgers.
6,?,Jeweled Lotus I,,TFT6_Augment_JeweledLotus,Your team gains 20% Critical Strike Chance and Precision . {{TFT_Keyword_Precision}}
6,?,Knife's Edge I,,TFT6_Augment_MeleeStarBlade1,Your allies that start combat in the front 2 rows gain 25% Attack Damage.
6,?,Knife's Edge II,,TFT6_Augment_MeleeStarBlade2,Your allies that start combat in the front 2 rows gain 34% Attack Damage.
6,?,Knife's Edge III,,TFT6_Augment_MeleeStarBlade3,Your allies that start combat in the front 2 rows gain 55.0% Attack Damage.
6,?,Level Up!,,TFT6_Augment_MaxLevel10,"When you buy XP, gain an additional 2. Gain 6 immediately."
6,?,Level Up!,,TFT6_Augment_Legend_MaxLevel10,"When you buy XP, gain an additional 2. Gain 6 immediately."
6,?,Makeshift Armor I,,TFT6_Augment_MakeshiftArmor1,Allies without items equipped gain 30 Armor and Magic Resist.
6,?,Makeshift Armor II,,TFT6_Augment_MakeshiftArmor2,Allies without items equipped gain 50 Armor and Magic Resist.
6,?,Makeshift Armor III,,TFT6_Augment_MakeshiftArmor3,Allies without items equipped gain 65 Armor and Magic Resist.
6,?,March of Progress,,TFT6_Augment_SlowAndSteady,"Gain [Exp] XP now, and bonus XP equal to your level at the start of every player combat round. You can no longer use gold to level up."
6,?,Meditation I,,TFT6_Augment_Meditation1,Your units without items equipped restore 4 Mana per second.
6,?,Meditation II,,TFT6_Augment_Meditation2,Your units without items equipped restore 6 Mana per second.
6,?,Meditation III,,TFT6_Augment_Meditation3,Your units without items equipped restore 8 Mana per second.
6,?,Metabolic Accelerator,,TFT6_Augment_MetabolicAccelerator,Gain 2 player health after every player combat. Your Tactician also moves faster.
6,?,Metabolic Accelerator,,TFT6_Augment_Legend_MetabolicAccelerator,Gain 2 player health after every player combat. Your Tactician also moves faster.
6,?,New Recruit,,TFT6_Augment_ForceOfNature,Gain +1 max team size and 1 four-cost champion.
6,?,New Recruit+,,TFT6_Augment_ForceOfNaturePlus,Gain +1 max team size and 2 four-cost champions.
6,?,Pandora's Items,,TFT6_Augment_PandorasItems,Round start: items on your bench are randomized. Gain 1 random component.
6,?,Pandora's Items,,TFT6_Augment_Legend_PandorasItems,Round start: items on your bench are randomized. Gain 1 random component.
6,?,Phony Frontline,,TFT6_Augment_TargetDummies,Gain 2 Target Dummies.
6,?,Portable Forge,,TFT6_Augment_PortableForge,Choose 1 of 4 Artifacts. Artifacts are more powerful items with a unique effect.
6,?,Portable Forge,,TFT6_Augment_Legend_PortableForge,Choose 1 of 4 Artifacts. Artifacts are more powerful items with a unique effect.
6,?,Portable Forge+,,TFT6_Augment_PortableForgePlus,Choose 1 of 3 Artifacts. Artifacts are more powerful items with a unique effect.
6,?,Portable Forge++,,TFT6_Augment_PortableForgePlusPlus,Choose 1 of 4 Artifacts. Artifacts are more powerful items with a unique effect.
6,?,Prismatic Ticket,,TFT6_Augment_GachaAddict,"Each time your Shop is rerolled, you have a 45% chance to gain a free reroll."
6,?,Rich Get Richer,,TFT6_Augment_RichGetRicher,Gain 12 gold. Your max interest is increased to 7. Interest is extra gold you gain per 10g saved.
6,?,Rich Get Richer,,TFT6_Augment_Legend_RichGetRicher,Gain 12 gold. Your max interest is increased to 7. Interest is extra gold you gain per 10g saved.
6,?,Rich Get Richer+,,TFT6_Augment_RichGetRicherPlus,Gain 18 gold. Your max interest is increased to 7. Interest is extra gold you gain per 10g saved.
6,?,Salvage Bin,,TFT6_Augment_SalvageBinHR,"Gain 1 random completed item now, and 1 component after 3 player combats. Selling champions breaks completed items into components (excluding Tactician's items and Emblems)."
6,?,Salvage Bin,,TFT6_Augment_SalvageBin,"Gain 1 random completed item now, and 1 component after 8 player combats. Selling champions breaks completed items into components (excluding Tactician's items and Emblems)."
6,?,Stand United,,TFT6_Augment_Diversify1,Gain 1.5% Attack Damage and 1.5% Ability Power for each non-unique Trait active across your team. Current Bonus: [TFTUnitProperty.item:TFT_Augment_Diversify_ADCounter]% %i:scaleAD% [TFTUnitProperty.item:TFT_Augment_Diversify_APCounter]% %i:scaleAP%
6,?,Stand United II,,TFT6_Augment_Diversify2,Gain 2.5% Attack Damage and 2.5% Ability Power for each non-unique Trait active across your team. [TFTUnitProperty.item:TFT_Augment_Diversify_TRAKEY_Holder]
6,?,Stand United III,,TFT6_Augment_Diversify3,Gain 3.5% Attack Damage and 3.5% Ability Power for each non-unique Trait active across your team. [TFTUnitProperty.item:TFT_Augment_Diversify_TRAKEY_Holder]
6,?,Sunfire Board,,TFT6_Augment_SunfireBoard,Combat Start: Burn all enemies for 18% of their max Health over 18 seconds and reduce healing received by 33%.
6,?,Thrill of the Hunt I,,TFT6_Augment_ThrillOfTheHunt1,Your champions heal 300 Health on kill.
6,?,Thrill of the Hunt II,,TFT6_Augment_ThrillOfTheHunt2,Your champions heal 500 Health on kill.
6,?,Trade Sector,,TFT6_Augment_TradeSector,Gain a free Shop reroll every round. Gain 2 gold.
6,?,Trade Sector,,TFT6_Augment_Legend_TradeSector,Gain a free Shop reroll every round. Gain 2 gold.
6,?,Trade Sector+,,TFT6_Augment_TradeSectorPlus,Gain a free Shop reroll every round. Gain 8 gold now.
6,?,Weakspot,,TFT6_Augment_Weakspot,Your attacks ignore 10% of the target's Armor and reduce healing received by 50% for 3 seconds.
6,?,Windfall,,TFT6_Augment_Windfall,Gain 25 gold.
6,?,Windfall+,,TFT6_Augment_WindfallPlus,Gain 35 gold.
6,?,Windfall++,,TFT6_Augment_WindfallPlusPlus,Gain 45 gold.
6,?,Wise Spending,,TFT6_Augment_ThriftShop,"You can no longer buy XP. Every time you spend gold to reroll your Shop, gain 2 XP. Gain 1 gold now."
6,?,Woodland Charm,,TFT6_Augment_WoodlandCharm,Your highest Health champion is cloned. The clone has 25% bonus Health and 30.0% bonus Attack Speed but cannot equip items.
7,1-Silver,AFK,,TFT7_Augment_AFK,"You cannot perform actions for the next 3 rounds. Afterwards, gain 17 gold."
7,1-Silver,AFK,,TFT7_Augment_Legend_AFK,"You cannot perform actions for the next 3 rounds. Afterwards, gain 17 gold."
7,1-Silver,Astral Crest,TFT7_Astral,TFT7_Augment_AstralEmblem,Gain an Astral Emblem and a Lux.
7,1-Silver,Astral Heart,TFT7_Astral,TFT7_Augment_AstralTrait,Your team counts as having 1 additional Astral. Gain a Lux.
7,1-Silver,Axiom Arc I,,TFT7_Augment_AxiomArc1,Your team gains 25 Mana on kill.
7,1-Silver,Best Friends I,,TFT7_Augment_BestFriends1,Allies isolated in pairs gain 10% Attack Speed and 9 Armor and Magic Resist at the start of combat.
7,1-Silver,Big Friend I,,TFT7_Augment_BigFriend,Allies that start combat next to an ally with over 1750 Health gain 10% Durability. Gain a Giant's Belt.
7,1-Silver,Cannoneer Heart,TFT7_Cannoneer,TFT7_Augment_CannoneerTrait,Your team counts as having 1 additional Cannoneer. Gain an Aphelios.
7,1-Silver,Cavalier Heart,TFT7_Cavalier,TFT7_Augment_CavalierTrait,Your team counts as having 1 additional Cavalier. Gain a Rell.
7,1-Silver,Consistency,,TFT7_Augment_Consistency,Gain double win and loss streak gold.
7,1-Silver,Cosmic Hemomancy,TFT7_Shimmerscale|TFT7_Guardian,TFT7_Augment_VladimirCarry,"Gain a Vladimir. Your strongest Vladimir becomes a Caster. He no longer Heals, but gains 2 range and every fourth cast damages enemies in an area around his target. Enemies damaged lose Magic Resist."
7,1-Silver,Dragonmancer Heart,TFT7_Dragonmancer,TFT7_Augment_DragonmancerTrait,Your team counts as having 1 additional Dragonmancer. Gain a Kai'Sa.
7,1-Silver,Evoker Heart,TFT7_Evoker,TFT7_Augment_EvokerTrait,Your team counts as having 1 additional Evoker. Gain a Zyra.
7,1-Silver,Guardian Heart,TFT7_Guardian,TFT7_Augment_GuardianTrait,Your team counts as having 1 additional Guardian. Gain a Zac.
7,1-Silver,Guild Heart,TFT7_Guild,TFT7_Augment_GuildTrait,Your team counts as having 1 additional Guild. Gain a Twitch.
7,1-Silver,Jade Crest,TFT7_Jade,TFT7_Augment_JadeEmblem,Gain a Jade Emblem and a Gnar.
7,1-Silver,Late Game Specialist,,TFT7_Augment_LategameSpecialist,"When you reach Level 9, gain 27 gold."
7,1-Silver,Mage Heart,TFT7_Mage,TFT7_Augment_MageTrait,Your team counts as having 1 additional Mage. Gain a Lillia.
7,1-Silver,Mirage Heart,TFT7_Mirage,TFT7_Augment_MirageTrait,Your team counts as having 1 additional Mirage. Gain a Yone.
7,1-Silver,Mystic Heart,TFT7_Mystic,TFT7_Augment_MysticTrait,Your team counts as having 1 additional Mystic. Gain a Rakan.
7,1-Silver,Preparation I,,TFT7_Augment_Preparation1HR,"Champions on your bench permanently gain 35 Health, 4% Attack Damage, and 4% Ability Power every round. Champions start with 1 stack of this effect, and can stack up to 3 times."
7,1-Silver,Preparation I,,TFT7_Augment_Preparation,"Champions on your bench permanently gain 30 Health, 3% Attack Damage, and 3% Ability Power every round. Champions start with 1 stack of this effect, and can stack up to 4 times."
7,1-Silver,Ragewing Heart,TFT7_Ragewing,TFT7_Augment_RagewingTrait,Your team counts as having 1 additional Ragewing. Gain a Rakan.
7,1-Silver,Revel Heart,TFT7_Revel,TFT7_Augment_RevelTrait,Your team counts as having 1 additional Revel. Gain a Jinx.
7,1-Silver,Scalescorn Heart,TFT7_Scalescorn,TFT7_Augment_ScalescornTrait,Your team counts as having 1 additional Scalescorn. Gain a Braum.
7,1-Silver,Shapeshifter Heart,TFT7_Shapeshifter,TFT7_Augment_ShapeshifterTrait,Your team counts as having 1 additional Shapeshifter. Gain a Gnar.
7,1-Silver,Shimmerscale Crest,TFT7_Shimmerscale,TFT7_Augment_ShimmerscaleEmblem,Gain a Shimmerscale Emblem and a Jax.
7,1-Silver,Soul Eater,TFT7_Shimmerscale|TFT7_Guardian,TFT7_Augment_NasusCarry,"Gain a Nasus. Your strongest Nasus becomes a Fighter. He now slams his staff on enemies, dealing physical damage. If this kills the enemy, Nasus gains permanent Attack Damage."
7,1-Silver,Swiftshot Heart,TFT7_Swiftshot,TFT7_Augment_SwiftshotTrait,Your team counts has having 1 additional Swiftshot. Gain a Twitch.
7,1-Silver,Tempest Heart,TFT7_Tempest,TFT7_Augment_TempestTrait,Your team counts as having 1 additional Tempest. Gain a Qiyana.
7,1-Silver,Warrior Heart,TFT7_Warrior,TFT7_Augment_WarriorTrait,Your team counts as having 1 additional Warrior. Gain a Yone.
7,1-Silver,Whispers Heart,TFT7_Whispers,TFT7_Augment_WhispersTrait,Your team counts as having 1 additional Whispers. Gain a Zyra.
7,2-Gold,Axiom Arc II,,TFT7_Augment_AxiomArc2,Your team gains 30 Mana on kill.
7,2-Gold,Base Camp,TFT7_Scalescorn,TFT7_Augment_ScalescornNomads,"Scalescorns gain 8% damage each time they start combat in the same hex as last round, stacking up to 4 times. Gain a Lillia."
7,2-Gold,Base Camp,TFT7_Scalescorn,TFT7_Augment_ScalescornBaseCamp,"Scalescorns gain 7% damage each time they start combat in the same hex as last round, stacking up to 4 times. Gain a Lillia."
7,2-Gold,Beast's Den,TFT7_Shapeshifter,TFT7_Augment_ShapeshifterBeastsDen,Units that start combat next to Shapeshifters gain 25% Attack Speed and Movement Speed. Shapeshifters always gain this bonus. Gain a Gnar.
7,2-Gold,Best Friends II,,TFT7_Augment_BestFriends2,Allies isolated in pairs gain 15% Attack Speed and 14 Armor and Magic Resist at the start of combat.
7,2-Gold,Better Together,,TFT7_Augment_MikaelsGift,Aura items that buff your team have their effects increased by 33.0%. Gain a Locket of the Iron Solari.
7,2-Gold,Big Friend II,,TFT7_Augment_BigFriend2,Allies that start combat next to an ally with over 1750 Health gain 13% Durability. Gain a Giant's Belt.
7,2-Gold,Cannoneer Crest,TFT7_Cannoneer,TFT7_Augment_CannoneerEmblem,Gain a Cannoneer Emblem and an Aphelios.
7,2-Gold,Cavalier Crest,TFT7_Cavalier,TFT7_Augment_CavalierEmblem,Gain a Cavalier Emblem and a Sejuani.
7,2-Gold,Cluttered Mind,,TFT7_Augment_ClutteredMind,"Gain 4 random 1-cost champions now. If your bench is full at the end of player combat, gain 3 XP."
7,2-Gold,Combat Training,,TFT7_Augment_Bloodlust1,Your champions permanently gain 0% Attack Damage every time they kill an enemy. Champions start with 7% bonus Attack Damage.
7,2-Gold,Combat Training II,,TFT7_Augment_Bloodlust2,Your champions permanently gain 1% Attack Damage every time they kill an enemy. Champions start with 3% bonus Attack Damage.
7,2-Gold,Devastating Charge,TFT7_Cavalier,TFT7_Augment_CavalierDevastatingCharge,"Cavalier's first attack after charging deals 80 magic damage, increased by 1% for each Armor and Magic Resist they have. Gain a Rell."
7,2-Gold,Dragon Alliance,TFT7_Dragon,TFT7_Augment_DragonAlliance,The Dragon trait remains active regardless of how many Dragons you have. Dragons gain 25 Armor and Magic Resist. Gain a Tier 4 Dragon.
7,2-Gold,Dragon Heart,TFT7_Dragon,TFT7_Augment_DragonTrait,Your team counts as having 1 additional Dragon. Gain a Nomsy.
7,2-Gold,Dragon Horde,TFT7_Dragon,TFT7_Augment_DragonHorde,The Dragon trait remains active regardless of how many Dragons you have. Dragons gain 15 Attack Damage and Ability Power. Gain a random Tier 4 Dragon.
7,2-Gold,Dragon Imperialist,TFT7_Dragon,TFT7_Augment_DragonImperialist,"If you only have 1 Dragon, Dragons execute enemies they damage who are below 18% Health. Gain a Nomsy."
7,2-Gold,Dragonmancer Crest,TFT7_Dragonmancer,TFT7_Augment_DragonmancerEmblem,Gain a Dragonmancer Emblem and a Kai'Sa.
7,2-Gold,Essence Theft,TFT7_Mage,TFT7_Augment_MageEssenceTheft,Mage's attacks drain 8 Mana from their target and gain 4 Mana. Gain a Lux.
7,2-Gold,Essence Theft,TFT7_Evoker,TFT7_Augment_EvokerEssenceTheft,Evoker's attacks steal 5 Mana from their target. Gain a Seraphine.
7,2-Gold,Eternal Protection,TFT7_Jade,TFT7_Augment_JadeEternalProtection,"When one of your Jade champions would die, the nearest Jade Statue protects them, sacrificing 70% of its max Health and transferring 150% of the sacrificed Health to the champion. Gain a Gnar."
7,2-Gold,Evoker Crest,TFT7_Evoker,TFT7_Augment_EvokerEmblem,Gain an Evoker Emblem and a Zyra.
7,2-Gold,Eye of the Storm,TFT7_Tempest,TFT7_Augment_TempestEyeOfTheStorm,"The unit in the center of the front row board gains 45 Ability Power, increased to 135 after Tempest's lightning strikes. Gain a Qiyana."
7,2-Gold,Gadget Expert,,TFT7_Augment_GadgetExpert,Direct damage items deal 25% more damage as true damage. Gain a Statikk Shiv.
7,2-Gold,Gear Upgrades,TFT7_Guild,TFT7_Augment_GuildGearUpgrades,Guild champions holding an item gain 35 Armor and an additional 250% of their base Guild Bonus. Gain a Twitch.
7,2-Gold,Guardian Crest,TFT7_Guardian,TFT7_Augment_GuardianEmblem,Gain a Guardian Emblem and a Zac.
7,2-Gold,Guild Crest,TFT7_Guild,TFT7_Augment_GuildEmblem,Gain a Guild Emblem and a Twitch.
7,2-Gold,Hallucinate,TFT7_Mirage,TFT7_Augment_MirageHallucinate,Mirage champions take 90% less damage for the first 6 seconds of combat. Gain a Yone.
7,2-Gold,Hero-In-Training,TFT7_Dragonmancer,TFT7_Augment_DragonmancerInTraining,The Dragonmancer nearest to the Dragonmancer Hero gains 66% of the Dragonmancer Trait's bonuses. Gain a Sett.
7,2-Gold,Heroic Presence,TFT7_Guardian,TFT7_Augment_GuardianHeroicPresence,"Every 2 seconds, Guardians taunt all enemies within range. Enemies that attack a Guardian's shield take magic damage equal to 7% of the shielded unit's max Health (up to once per second). Gain a Braum."
7,2-Gold,Hot Shot,TFT7_Cannoneer,TFT7_Augment_CannoneerHotShot,"Cannoneer's cannon shots burn their targets, dealing 6% of the target's maximum Health as true damage over 2 seconds, and reducing healing by 50% for the duration of the burn. Gain an Aphelios."
7,2-Gold,Inspire,TFT7_Dragonmancer,TFT7_Augment_DragonmancerInspire,"When the Dragonmancer Hero gets a takedown, champions that share a trait with the Dragonmancer Hero gain 70% Attack Speed for 4 seconds. Gain a Kaisa."
7,2-Gold,Intercosmic Gifts,TFT7_Astral,TFT7_Augment_AstralIntercosmicGifts,Astral Orbs have a 100% chance to spawn a small bonus orb that contains loot. Gain a Lux.
7,2-Gold,Jade Heart,TFT7_Jade,TFT7_Augment_JadeTrait,Your team counts as having 1 additional Jade. Gain a Gnar.
7,2-Gold,Last Stand,,TFT7_Augment_LastStand,"The first time you would be eliminated, you escape death and your team permanently gains 150 Health, 10 Armor and Magic Resist, and 10% Omnivamp."
7,2-Gold,Loot Master,TFT7_Guild,TFT7_Augment_GuildLootHR,Gain a random component every 2 player combats when you have at least Guild (3) active. Gain a Twitch.
7,2-Gold,Loot Master,TFT7_Guild,TFT7_Augment_GuildLoot,Gain a random component every 3 player combats when you have at least Guild (3) active. Gain a Twitch.
7,2-Gold,Mage Conference,TFT7_Mage,TFT7_Augment_MageConferenceHR,"After combat with a player, one or two random Mages portal onto your bench. Gain a Taliyah."
7,2-Gold,Mage Conference,TFT7_Mage,TFT7_Augment_MageConference,"After combat with a player, a random Mage portals onto your bench. Gain a Taliyah."
7,2-Gold,Mage Crest,TFT7_Mage,TFT7_Augment_MageEmblem,Gain a Mage Emblem and a Vladimir.
7,2-Gold,Mirage Crest,TFT7_Mirage,TFT7_Augment_MirageEmblem,Gain a Mirage Emblem and a Nunu.
7,2-Gold,Mystic Crest,TFT7_Mystic,TFT7_Augment_MysticEmblem,Gain a Mystic Emblem and a Rakan.
7,2-Gold,Pandora's Bench,,TFT7_Augment_PandorasBench,"At the start of every round, champions on the 3 rightmost bench slots transform into random champions of the same cost. Gain 6 gold."
7,2-Gold,Party Favors,TFT7_Revel,TFT7_Augment_RevelPartyFavors,"Gain 1 gold for every 6 firecrackers launched by Revel champions each combat. Additionally, gain a special prize the first time 75 total firecrackers are launched. Gain a Jinx."
7,2-Gold,Party Favors,TFT7_Revel,TFT7_Augment_RevelPartyFavorsHR,"Gain 2 gold for every 6 firecrackers launched by Revel champions each combat. Additionally, gain a special prize the first time 40 total firecrackers are launched. Gain a Jinx."
7,2-Gold,Party Time!,TFT7_Revel,TFT7_Augment_RevelPartyTime,"After Revels score a takedown, they gain 80% Attack Speed for 4 seconds. Gain a Jinx."
7,2-Gold,Pay to Win,TFT7_Shimmerscale,TFT7_Augment_ShimmerscaleSpending,"If you purchase a Shop reroll during Planning, champions holding a Shimmerscale Item and all Shimmerscale champions gain 35% damage when the next combat begins. Gain a Jax."
7,2-Gold,Penitence,TFT7_Jade,TFT7_Augment_JadePenitence,Jade Statue explosions deal 100% more damage. Enemies are disarmed for 2.5 seconds the first time they attack a Jade Statue or are damaged by a Jade Statue's explosion. Gain a Gnar.
7,2-Gold,Personal Training,TFT7_Bruiser,TFT7_Augment_BruiserPersonalTrainerHR,"At the end of combat, champions that started combat adjacent to Bruisers permanently gain 80 Health, increased by 40 if they survived. Gain a Jax."
7,2-Gold,Personal Training,TFT7_Bruiser,TFT7_Augment_BruiserPersonalTraining,"At the end of combat, champions that started combat adjacent to Bruisers permanently gain 40 Health, increased by 20 if they survived. Gain a Jax."
7,2-Gold,Preparation II,,TFT7_Augment_Preparation2HR,"Champions on your bench permanently gain 50 Health, 6% Attack Damage, and 6% Ability Power every round. Champions start with 1 stack of this effect, and can stack up to 3 times."
7,2-Gold,Preparation II,,TFT7_Augment_Preparation2,"Champions on your bench permanently gain 50 Health, 5% Attack Damage, and 5% Ability Power every round. Champions start with 1 stack of this effect, and can stack up to 4 times."
7,2-Gold,Press the Attack,TFT7_Swiftshot,TFT7_Augment_SwiftshotPressTheAttack,Your Swiftshots' attacks apply a stack on their target for 5 seconds. Every third stack deals true damage equal to 4% of the target's maximum Health. Gain a Twitch.
7,2-Gold,Protectors of the Cosmos,TFT7_Astral,TFT7_Augment_AstralIntercosmicProtection,"Combat start: Your team gains a 35 Health shield for every item component equipped on an Astral champion, including those that are part of a full item. Gain a Lux."
7,2-Gold,Ragewing Crest,TFT7_Ragewing,TFT7_Augment_RagewingEmblem,Gain a Ragewing Emblem and a Rakan.
7,2-Gold,Revel Crest,TFT7_Revel,TFT7_Augment_RevelEmblem,Gain a Revel Emblem and a Jinx.
7,2-Gold,Revel Unity,TFT7_Revel,TFT7_Augment_RevelForAllUnits,The Revel trait grants its bonuses to all of your champions. This does not increase your number of Revel units. Gain a Jinx.
7,2-Gold,Ricochet,TFT7_Cannoneer,TFT7_Augment_CannoneerRicochet,"Cannoneer's cannon shots bounce once, dealing 40% less damage. Gain an Aphelios."
7,2-Gold,Scalescorn Crest,TFT7_Scalescorn,TFT7_Augment_ScalescornEmblem,Gain a Scalescorn Emblem and a Braum.
7,2-Gold,Scalescorn Rebel,TFT7_Scalescorn|TFT7_Dragon,TFT7_Augment_ScalescornRebel,If you have exactly 1 Dragon it loses the effects of the Dragon trait and gains Scalescorn. It gains an additional 15% of the effects of Scalescorn. Gain a Lillia.
7,2-Gold,Scorch,TFT7_Ragewing,TFT7_Augment_RagewingScorch,Every 5th instance of Ragewing champion's damage deals 20% more damage and is converted to true damage. Gain a Senna.
7,2-Gold,Secret Snax,TFT7_Trainer,TFT7_Augment_TrainerSecretSnax,"While feeding their dragonling, Trainers have a 40% chance to secretly feed a bonus Snax. Gain a Tristana."
7,2-Gold,Shimmerscale Heart,TFT7_Shimmerscale,TFT7_Augment_ShimmerscaleTrait,Your team counts as having 1 additional Shimmerscale. Gain a Jax.
7,2-Gold,Swiftshot Crest,TFT7_Swiftshot,TFT7_Augment_SwiftshotEmblem,Gain a Swiftshot Emblem and a Twitch.
7,2-Gold,Tantrum,TFT7_Ragewing,TFT7_Augment_RagewingTantrum,"After casting their first Ability, Ragewings restore 100% of their maximum Rage. Gain a Senna."
7,2-Gold,Tempest Crest,TFT7_Tempest,TFT7_Augment_TempestEmblem,Gain a Tempest Emblem and a Qiyana.
7,2-Gold,Terrify,TFT7_Whispers,TFT7_Augment_WhispersTerrify,Your units take 15% less damage from enemies shrunken by Whisper champions. Gain a Sylas.
7,2-Gold,Tiamat,TFT7_Warrior,TFT7_Augment_WarriorTiamat,Warrior's enhanced attacks deal 50% of their damage to enemies in a 1-hex area around their target. Gain a Yone.
7,2-Gold,Titanic Strength,TFT7_Bruiser,TFT7_Augment_BruiserTitanicStrength,Bruisers gain 1.5% of their Health as Attack Damage. Gain a Jax.
7,2-Gold,Urf's Grab Bag I,,TFT7_Augment_UrfsGrabBag1,"Gain 1 Spatula, 1 random components, and [NumGold] gold."
7,2-Gold,Warrior Crest,TFT7_Warrior,TFT7_Augment_WarriorEmblem,Gain a Warrior Emblem and a Yone.
7,2-Gold,Whispers Crest,TFT7_Whispers,TFT7_Augment_WhispersEmblem,Gain a Whispers Emblem and a Zyra.
7,3-Prismatic,Age of Dragons,TFT7_Dragon,TFT7_Augment_AgeOfDragons,"If your team has 3+ Dragons, every 4th attack from a Dragon fires a blast that deals magic damage equal to 30% of the target's maximum Health. Gain a Nomsy, Zippy, and a Tier 4 Dragon."
7,3-Prismatic,Astral Projection,TFT7_Astral,TFT7_Augment_AstralProjection,"When an Astral unit dies, they leave behind a projection of themselves with reduced stats that casts immediately then rapidly loses Health. Gain a Skarner and a Nidalee."
7,3-Prismatic,Astral Soul,TFT7_Astral,TFT7_Augment_AstralTrait2,Your team counts as having 1 additional Astral. Gain a Redemption and a Varus.
7,3-Prismatic,Best Friends III,,TFT7_Augment_BestFriends3,Allies isolated in pairs gain 20% Attack Speed and 35 Armor and Magic Resist at the start of combat.
7,3-Prismatic,Birthday Present,,TFT7_Augment_BirthdayPresents,Gain a 2-star champion and 1 gold every time you level up. The champion's cost tier is your level minus 4 (max: 5-cost).
7,3-Prismatic,Cannoneer Crown,TFT7_Cannoneer,TFT7_Augment_CannoneerEmblem2,"Gain a Cannoneer Emblem, a Giant Slayer, and a Zeri."
7,3-Prismatic,Cavalier Crown,TFT7_Cavalier,TFT7_Augment_CavalierEmblem2,"Gain a Cavalier Emblem, a Spirit Visage, and a Nunu."
7,3-Prismatic,Cavalier Unity,TFT7_Cavalier,TFT7_Augment_CavalierForAllUnits,The Cavalier trait grants its bonuses to all of your champions. This does not increase your number of Cavaliers. Gain a Rell.
7,3-Prismatic,Combat Training III,,TFT7_Augment_Bloodlust3,Your champions permanently gain 2% Attack Damage every time they kill an enemy. Champions start with 5% bonus Attack Damage.
7,3-Prismatic,Cruel Pact,,TFT7_Augment_SacrificialPact,Buying XP costs 5 player health instead of 4 gold. Heal 3 player health before each player combat. Gain 6 now.
7,3-Prismatic,Cursed Crown,,TFT7_Augment_CursedCrown,"Gain +2 max team size and your team gains 3% Durability, but you take double player damage when you lose a player combat."
7,3-Prismatic,Dragon Soul,TFT7_Dragon,TFT7_Augment_DragonTrait2,Your team counts as having 1 additional Dragon. Gain a Zippy and a Gargoyle Stoneplate.
7,3-Prismatic,Dragonmancer Crown,TFT7_Dragonmancer,TFT7_Augment_DragonmancerEmblem2,"Gain a Dragonmancer Emblem, a Hand of Justice, and a Lee Sin."
7,3-Prismatic,Evoker Crown,TFT7_Evoker,TFT7_Augment_EvokerEmblem2,"Gain an Evoker Emblem, a Spear of Shojin, and a Seraphine."
7,3-Prismatic,Guardian Crown,TFT7_Guardian,TFT7_Augment_GuardianEmblem2,"Gain a Guardian Emblem, a Sunfire Cape, and a Rakan."
7,3-Prismatic,Guild Crown,TFT7_Guild,TFT7_Augment_GuildEmblem2,"Gain a Guild Emblem, a Protector's Vow, and a Twitch."
7,3-Prismatic,Idas Touch,TFT7_Shimmerscale|TFT7_Guardian,TFT7_Augment_DragonGoldCarry,Gain an Idas. Your strongest Idas becomes a Fighter. She now deals magic damage in a cone and can create gold.
7,3-Prismatic,Jade Soul,TFT7_Jade,TFT7_Augment_JadeTrait2,Your team counts as having 1 additional Jade. Gain a Titan's Resolve and a Gnar.
7,3-Prismatic,Living Forge,,TFT7_Augment_LivingForgeHR,Gain an Artifact anvil now and after every [NumberOfCombats] player combats. Artifacts are more powerful items with a unique effect.
7,3-Prismatic,Living Forge,,TFT7_Augment_LivingForge,Gain an Artifact anvil now and after every [NumberOfCombats] player combats. Artifacts are more powerful items with a unique effect.
7,3-Prismatic,Living Forge,,TFT7_Augment_Legend_LivingForge,Gain an Artifact anvil now and after every [NumberOfCombats] player combats. Artifacts are more powerful items with a unique effect.
7,3-Prismatic,Lucky Gloves,,TFT7_Augment_LuckyGloves,Thief's Gloves will always give your champions ideal items. Gain 2 Sparring Gloves and 4 gold.
7,3-Prismatic,Lucky Gloves+,,TFT7_Augment_LuckyGlovesPlus,"Thief's Gloves will always give your champions recommended items. Gain 2 Sparring Gloves now, then another after 4 player combats."
7,3-Prismatic,Mage Crown,TFT7_Mage,TFT7_Augment_MageEmblem2,"Gain a Mage Emblem, a Spear of Shojin, and a Lux."
7,3-Prismatic,Mirage Crown,TFT7_Mirage,TFT7_Augment_MirageEmblem2,"Gain a Mirage Emblem, a Hand of Justice, and a Nunu."
7,3-Prismatic,Mystic Soul,TFT7_Mystic,TFT7_Augment_MysticTrait2,Your team counts as having 1 additional Mystic. Gain a Chalice of Power and a Rakan.
7,3-Prismatic,Part-Time Assassin,TFT7_Assassin,TFT7_Augment_AssassinForAllUnits,The Assassin Trait grants its bonuses to your champions that start combat in the middle 2 rows. This does not increase the number of Assassins. Gain a Qiyana.
7,3-Prismatic,Preparation III,,TFT7_Augment_Preparation3HR,"Champions on your bench permanently gain 70 Health, 9% Attack Damage, and 9% Ability Power every round. Champions start with 1 stack of this effect, and can stack up to 3 times."
7,3-Prismatic,Preparation III,,TFT7_Augment_Preparation3,"Champions on your bench permanently gain 50 Health, 7% Attack Damage, and 7% Ability Power every round. Champions start with 1 stack of this effect, and can stack up to 4 times."
7,3-Prismatic,Ragewing Soul,TFT7_Ragewing,TFT7_Augment_RagewingEmblem2,Your team counts as having 1 additional Ragewing. Gain a Guinsoo's Rageblade and a Rakan.
7,3-Prismatic,Ragewing Soul,TFT7_Ragewing,TFT7_Augment_RagewingTrait2,Your team counts as having 1 additional Ragewing. Gain a Guinsoo's Rageblade and a Rakan.
7,3-Prismatic,Revel Crown,TFT7_Revel,TFT7_Augment_RevelEmblem2,Gain a Revel Emblem and a Jinx.
7,3-Prismatic,Scalescorn Crown,TFT7_Scalescorn,TFT7_Augment_ScalescornEmblem2,"Gain a Scalescorn Emblem, a Hand of Justice, and a Diana."
7,3-Prismatic,Shapeshifter Soul,TFT7_Shapeshifter,TFT7_Augment_ShapeshifterTrait2,Your team counts as having 1 additional Shapeshifter. Gain a Sunfire Cape and an Gnar.
7,3-Prismatic,Shimmerscale Soul,TFT7_Shimmerscale,TFT7_Augment_ShimmerscaleTrait2,Your team counts as having 1 additional Shimmerscale. Gain a Titan's Resolve and a Volibear.
7,3-Prismatic,Swiftshot Crown,TFT7_Swiftshot,TFT7_Augment_SwiftshotEmblem2,"Gain a Swiftshot Emblem, a Guinsoo's Rageblade, and a Varus."
7,3-Prismatic,Tempest Crown,TFT7_Tempest,TFT7_Augment_TempestEmblem2,"Gain a Tempest Emblem, a Hand of Justice, and a Lee Sin."
7,3-Prismatic,Think Fast,,TFT7_Augment_ThinkFast,Shop rerolls are free until the end of this round. Traits and other augments do not benefit from these free Shops. Gain 3 gold.
7,3-Prismatic,Urf's Grab Bag,,TFT7_Augment_UrfsGrabBag2,"Gain 1 Spatula, 3 random components, and 5 gold."
7,3-Prismatic,Urf's Grab Bag II+,,TFT7_Augment_UrfsGrabBag2Plus,"Gain 1 Spatula, 3 random components, and [NumGold] gold."
7,3-Prismatic,Warrior Crown,TFT7_Warrior,TFT7_Augment_WarriorEmblem2,"Gain a Warrior Emblem, a Giant Slayer, and a Yone."
7,3-Prismatic,Whispers Crown,TFT7_Whispers,TFT7_Augment_WhispersEmblem2,"Gain a Whispers Emblem, a Titan's Resolve, and a Sylas."
7,?,AFK,,TFT7_Augment_AFKHR,"You cannot perform actions for the next 2 rounds. Afterwards, gain 15 gold."
7,?,Ancient Archives II,,TFT7_Augment_TomeOfTraits2,Gain 2 Tome of Traits and 5 gold.
7,?,Ancient Archives II,,TFT7_Augment_Legend_TomeOfTraits2,Gain 2 Tome of Traits and 5 gold.
7,?,Assassin Crest,TFT7_Assassin,TFT7_Augment_AssassinEmblem,Gain an Assassin Emblem and a Qiyana.
7,?,Assassin Crown,TFT7_Assassin,TFT7_Augment_AssassinEmblem2,"Gain an Assassin Emblem, a Hand of Justice, and a Rengar."
7,?,Assassin Heart,TFT7_Assassin,TFT7_Augment_AssassinTrait,Your team counts as having 1 additional Assassin. Gain a Qiyana.
7,?,Band of Thieves,,TFT7_Augment_BandOfThieves1,Gain 1 Thief's Gloves.
7,?,Bench Backup,,TFT7_DoubleUpAugment_BenchBackup,8 seconds into combat a 2-star copy of your left-most benched unit teleports to your partner's board and starts fighting.
7,?,Bruiser Crest,TFT7_Bruiser,TFT7_Augment_BruiserEmblem,Gain a Bruiser Emblem and a Jax.
7,?,Bruiser Crown,TFT7_Bruiser,TFT7_Augment_BruiserEmblem2,"Gain a Bruiser Emblem, a Spirit Visage, and a Sylas."
7,?,Bruiser Heart,TFT7_Bruiser,TFT7_Augment_BruiserTrait,Your team counts as having 1 additional Bruiser. Gain a Jax.
7,?,Convergence,,TFT7_DoubleUpAugment_Convergence,Reveals a convergence hex on each partner's board. Units in them share their highest stats at the start of combat.
7,?,Cutthroat,TFT7_Assassin,TFT7_Augment_AssassinCutthroat,"Assassins Mana-Reave the first unit they attack, increasing their maximum Mana by 65% until they cast. Assassins deal 20% more damage against Mana-Reaved enemies. Gain a Qiyana."
7,?,Dark Resurrection,TFT7_Darkflight,TFT7_Augment_DarkflightResurrect,"The Darkflight sacrifice returns after 10 seconds of combat with 100% increased max Health, 75% Damage Amp, and 30.0% Attack Speed"
7,?,Darkflight Crest,TFT7_Darkflight,TFT7_Augment_DarkflightEmblem,Gain a Darkflight Emblem and a Rell.
7,?,Darkflight Crown,TFT7_Darkflight,TFT7_Augment_DarkflightEmblem2,"Gain a Darkflight Emblem, a Titan's Resolve, and a Rengar."
7,?,Darkflight Heart,TFT7_Darkflight,TFT7_Augment_DarkflightTrait,Your team counts as having 1 additional Darkflight. Gain an Aphelios.
7,?,Dragonmancer Conference,TFT7_Dragonmancer,TFT7_Augment_DragonmancerConferenceHR,"Every round, a random Dragonmancer appears on your bench. Gain a Kai'Sa."
7,?,Dragonmancer Conference,TFT7_Dragonmancer,TFT7_Augment_DragonmancerConference,"Every 2 rounds, a random Dragonmancer appears on your bench. Gain a Kai'Sa."
7,?,First Aid Kit II,,TFT7_Augment_FirstAidKit2,All healing and shielding on your units is increased by 34%.
7,?,First Aid Kit III,,TFT7_Augment_FirstAidKit3,All healing and shielding on your units is increased by 50%.
7,?,Greater Allegiance,,TFT7_DoubleUpAugment_GreaterAllegiance,You and your partner both immediately gain a Rune of Allegiance.
7,?,High Tide,TFT7_Lagoon,TFT7_Augment_LagoonHighTide,"Until they cast 2 times, Lagoon champions attack 30% slower but gain 12 Mana per second. Gain a Kai'sa."
7,?,Huge-ification Potion I,,TFT7_Augment_HugificationPotion1,Your Tier 1 and 2 units are larger and gain 300 Health.
7,?,Huge-ification Potion II,,TFT7_Augment_HugificationPotion2,Your Tier 1 and 2 units are larger and gain 500 Health.
7,?,Lagoon Crest,TFT7_Lagoon,TFT7_Augment_LagoonEmblem,Gain a Lagoon Emblem and a Zac.
7,?,Lagoon Crown,TFT7_Lagoon,TFT7_Augment_LagoonEmblem2,"Gain a Lagoon Emblem, a Spear of Shojin, and a Zeri."
7,?,Lagoon Heart,TFT7_Lagoon,TFT7_Augment_LagoonTrait,Your team counts as having 1 additional Lagoon. Gain a Kai'Sa.
7,?,Lightning Rod,TFT7_Tempest,TFT7_Augment_TempestLightningRod,"Every 3 second(s), the Tempest lightning alternates between striking a low health enemy and a strong Tempest champion with 50% effectiveness."
7,?,Oasis,TFT7_Lagoon,TFT7_Augment_LagoonOasis,"Every 6 seconds, Lagoon champions remove all negative effects on themselves and heal for 18% of their missing Health. Gain a Zac."
7,?,Partners United,,TFT7_DoubleUpAugment_PartnersUnited,Your units gain [resists] Attack Damage and Ability Power per trait active across your team and your partner's team.
7,?,Profit Sharing,,TFT7_DoubleUpAugment_ProfitSharing,"Whenever your partner wins a combat, you gain 2 gold. Whenever you win a combat, give your partner 2 gold."
7,?,Relic of the Past,TFT7_Darkflight,TFT7_Augment_DarkflightZekes,Gain a special Darkflight Zeke's Herald from the past.
7,?,Scoped Weapons,,TFT7_Augment_ScopedWeapons1,Your units that start combat in the back 2 rows gain +2 Attack Range and 15% Attack Speed.
7,?,Scoped Weapons II,,TFT7_Augment_ScopedWeapons2,Your units that start combat in the back 2 rows gain infinite Attack Range and [AS*100]% Attack Speed.
7,?,Share-o-sel,,TFT7_DoubleUpAugment_Shareosel,"After the carousel, you gain a copy of the item on the unit your partner picked."
7,?,Soul Siphon,TFT7_Darkflight,TFT7_Augment_DarkflightSoulSiphon,Darkflight champions benefit from the first-listed trait of a sacrificed champion. This does not increase the trait count for that trait. Gain an Aphelios.
7,?,TFT7_DoubleUpAgument_Copycat_Name,,TFT7_DoubleUpAugment_Copycat,TFT7_DoubleUpAugment_Copycat_Description
7,?,TFT7_DoubleUpAugment_BulkShipping_Name,,TFT7_DoubleUpAugment_BulkShipping,TFT7_DoubleUpAugment_BulkShipping_Description
7,?,TFT7_DoubleUpAugment_DoubledMetabolism_Name,,TFT7_DoubleUpAugment_DoubledMetabolism,TFT7_DoubleUpAugment_DoubledMetabolism_Description
7,?,TFT7_DoubleUpAugment_EndlessAllegiance_Name,,TFT7_DoubleUpAugment_EndlessAllegiance,TFT7_DoubleUpAugment_EndlessAllegiance_Description
7,?,TFT7_DoubleUpAugment_ExperiencedShopper,,TFT7_DoubleUpAugment_ExperiencedShopper,TFT7_DoubleUpAugment_ExperiencedShopper_Description
7,?,TFT7_DoubleUpAugment_HoldTheLine_Name,,TFT7_DoubleUpAugment_HoldTheLine,TFT7_DoubleUpAugment_HoldTheLine_Description
7,?,TFT7_DoubleUpAugment_MatchingOutfits_Name,,TFT7_DoubleUpAugment_MatchingOutfits,TFT7_DoubleUpAugment_MatchingOutfits_Description
7,?,TFT7_DoubleUpAugment_MysteryGift_Name,,TFT7_DoubleUpAugment_MysteryGift,TFT7_DoubleUpAugment_MysteryGift_Description
7,?,TFT7_DoubleUpAugment_Philanthropy_Name,,TFT7_DoubleUpAugment_Philanthropy,TFT7_DoubleUpAugment_Philanthropy_Description
7,?,TFT7_DoubleUpAugment_SharedResources_Name,,TFT7_DoubleUpAugment_SharedResources,TFT7_DoubleUpAugment_SharedResources_Description
7,?,TFT7_DoubleUpAugment_SolarPower_Name,,TFT7_DoubleUpAugment_SolarPower,TFT7_DoubleUpAugment_SolarPower_Description
7,?,TFT7_DoubleUpAugment_StarPower_Name,,TFT7_DoubleUpAugment_StarPower,TFT7_DoubleUpAugment_StarPower_Description
7,?,TFT7_DoubleUpAugment_TwinTitans_Name,,TFT7_DoubleUpAugment_TwinTitans,TFT7_DoubleUpAugment_TwinTitans_Description
7,?,TFT_DoubleUpAugment_CrossTeamSplash_Name,,TFT7_DoubleUpAugment_CrossTeamSplash,TFT_DoubleUpAugment_CrossTeamSplash_Description
7,?,TFT_DoubleUpAugment_MunitionsDrop_Name,,TFT7_DoubleUpAugment_MunitionsDrop,TFT_DoubleUpAugment_MunitionsDrop_Description
7,?,TFT_DoubleUpAugment_SharedSuccess_Name,,TFT7_DoubleUpAugment_SharedSuccess,TFT_DoubleUpAugment_SharedSuccess_Description
7,?,TFT_DoubleUpAugment_TacticalTwins_Name,,TFT7_DoubleUpAugment_TacticalTwins,TFT_DoubleUpAugment_TacticalTwins_Description
8,?,Salvage Bin+,,TFT8_Augment_SalvageBinPlusHR,"Gain 1 random completed item now, and 1 component after 2 player combats. Selling champions breaks completed items into components (excluding Tactician's items and Emblems)."
8,?,Salvage Bin+,,TFT8_Augment_SalvageBinPlus,"Gain 1 random completed item now, and 1 component after 4 player combats. Selling champions breaks completed items into components (excluding Tactician's items and Emblems)."
9,1-Silver,All Natural I,,TFT9_Augment_AllNatural,Champions that aren't holding items gain [health] Health and heal for 0% of their max Health each second.
9,1-Silver,Balanced Budget,,TFT9_Augment_BalancedBudget,"At the start of the next 4 rounds, gain [gold] gold."
9,1-Silver,Battle Ready,,TFT9_Augment_BattleReady,Your team deals 3% more damage and takes 3% less damage.
9,1-Silver,Blistering Strikes,,TFT9_Augment_RedBuff,Your team's attacks Burn their targets for 5% of their max Health over 5 seconds. Attacks also reduce their targets' healing received by 33%.
9,1-Silver,Blood Money,,TFT9_Augment_BloodMoney,Gain 3 gold per 10 Health your Tactician loses.
9,1-Silver,Blood Price I,,TFT9_Augment_BloodPrice1,Your team gains 2.5% Attack Speed for each 10 missing player health.
9,1-Silver,Branching Out,,TFT9_Augment_Legend_BranchingOut,Gain a random Emblem.
9,1-Silver,Buried Treasures I,,TFT9_Augment_BuildingACollection,Gain a random item component now and at the start of the next 2 rounds.
9,1-Silver,Buried Treasures I,,TFT9_Augment_Legend_BuildingACollection,Gain a random item component now and at the start of the next 2 rounds.
9,1-Silver,Caretaker's Ally,,TFT9_Augment_BardPlaybook1,Gain a random 2-cost champion now. Gain the same one again every time you level up. Champion: [TFTUnitProperty.item:TFT_Augment_WorthTheWait]
9,1-Silver,Caretaker's Ally,,TFT9_Augment_Legend_BardPlaybook1,Gain a random 2-cost champion now. Gain the same one again every time you level up. Champion: [TFTUnitProperty.item:TFT_Augment_WorthTheWait]
9,1-Silver,Component Buffet,,TFT9_Augment_CustomerIsAlwaysRight,"Whenever you would get a component, gain a component anvil instead. Gain a random component now. The anvil offers 4 choices."
9,1-Silver,Cutting Corners,,TFT9_Augment_CuttingCorners,Leveling up costs 3 XP less.
9,1-Silver,Cutting Corners,,TFT9_Augment_Legend_CuttingCorners,Leveling up costs 3 XP less.
9,1-Silver,Cybernetic Bulk I,,TFT9_Augment_CyberneticBulk1,Your champions holding an item gain [health] Health.
9,1-Silver,Cybernetic Leech I,,TFT9_Augment_CyberneticLeech1,Champions holding an item gain [health] Health and [omnivamp]% Omnivamp.
9,1-Silver,Final Grab Bag,,TFT9_Augment_FinalGrabBag,"Gain a random component, 10 gold, and a Reforger."
9,1-Silver,Gotta Go Fast!,,TFT9_Augment_GottaGoFast,Your team creates 10% more Mana and moves 35% faster.
9,1-Silver,Harmacist I,,TFT9_Augment_Harmacist1,Your team has 10% Omnivamp and converts 20% of excess healing to true damage on their next attack. (Omnivamp: healing for a percent of damage dealt)
9,1-Silver,Healing Orbs I,,TFT9_Augment_HealingOrbsI,"When an enemy dies, the nearest ally is healed for 250."
9,1-Silver,Inconsistency,,TFT9_Augment_Inconsistency,"If your streak is less than 3, gain 2 gold."
9,1-Silver,Indomitable Will,,TFT9_Augment_IndomitableWill,"When your team scores a takedown, they shed all negative effects and become immune to crowd control for [duration] seconds."
9,1-Silver,Iron Assets,,TFT9_Augment_IronAssets,Gain a component anvil and 3 gold.
9,1-Silver,It Pays To Learn,,TFT9_Augment_ItPaysToLearn,Gain 10 XP and 8 gold.
9,1-Silver,Jeweled Lotus I,,TFT9_Augment_LesserJeweledLotus,Combat start: Your strongest unit gains 40% Critical Strike Chance and their abilities can critically strike.
9,1-Silver,Jeweled Lotus I,,TFT9_Augment_Legend_LesserJeweledLotus,Combat start: Your strongest unit gains 40% Critical Strike Chance and their abilities can critically strike.
9,1-Silver,Job's Done,,TFT9_Augment_Commander_SmallForgePlus,Gain 1 component anvil and 1 random component.
9,1-Silver,Knowledge Download I,,TFT9_Augment_Commander_Experience1,Gain 12 XP.
9,1-Silver,Latent Forge,,TFT9_Augment_LongTimeCraftingHR,"After [NumberOfCombats] player combats, gain an Artifact anvil. The anvil offers 4 choices. Artifacts are more powerful items with a unique effect."
9,1-Silver,Latent Forge,,TFT9_Augment_LongTimeCrafting,"After [NumberOfCombats] player combats, gain an Artifact anvil. The anvil offers 4 choices. Artifacts are more powerful items with a unique effect."
9,1-Silver,Latent Forge,,TFT9_Augment_Legend_LongTimeCrafting,"After [NumberOfCombats] player combats, gain an Artifact anvil. The anvil offers 4 choices. Artifacts are more powerful items with a unique effect."
9,1-Silver,Long Distance Pals,,TFT9_Augment_LongDistanceRelationship1,"Combat start: Your 2 units furthest from each other form a bond, sharing 20% of their Armor, Magic Resist, Attack Damage, and Ability Power with each other."
9,1-Silver,Missed Connections,,TFT9_Augment_MissedConnections,Gain a copy of each 1-cost champion.
9,1-Silver,Missing Link,,TFT9_Augment_Jackpot,"After you reroll your Shop 40 times, gain a copy of each 5-cost champion. (Rerolls this game: [TFTUnitProperty.item:TFT9_JackpotRolls])"
9,1-Silver,Money!,,TFT9_Augment_Commander_Money,"Gain [gold] gold. In 4 turns, gain [gold] gold again."
9,1-Silver,On a Roll,,TFT9_Augment_Legend_OnARoll,"Whenever you star up a champion, gain up to 3 free Shop rerolls per round. Gain 1 gold."
9,1-Silver,On a Roll,,TFT9_Augment_OnARoll,"Whenever you star up a champion, gain up to 3 free Shop rerolls per round. Gain 1 gold."
9,1-Silver,One Two Three,,TFT9_Augment_OneTwosThree,"Gain 2 1-cost champion, [numchamps] 2-cost champion, and 1 3-cost champion."
9,1-Silver,One Two Three,,TFT9_Augment_Legend_OneTwosThree,"Gain 2 1-cost champion, [numchamps] 2-cost champion, and 1 3-cost champion."
9,1-Silver,Parting Gifts,,TFT9_Augment_DangerousToGoAlone,"When a champion dies, the nearest ally with open slots receives a temporary copy of an item they were holding and a [shieldratio*100]% max Health Shield."
9,1-Silver,Pumping Up I,,TFT9_Augment_PumpingUpHR,"Your team gains 5% Attack Speed. After each round, they gain 1% more. (Current Attack Speed: [TFTUnitProperty.item:TFT9_PumpingUpRounds]%)"
9,1-Silver,Pumping Up I,,TFT9_Augment_PumpingUp,"Your team gains 6% Attack Speed. After each round, they gain 0.5% more. (Current Attack Speed: [TFTUnitProperty.item:TFT9_PumpingUpRounds]%)"
9,1-Silver,Pumping Up I,,TFT9_Augment_Legend_PumpingUp,"Your team gains 6% Attack Speed. After each round, they gain 0.5% more. (Current Attack Speed: [TFTUnitProperty.item:TFT9_PumpingUpRounds]%)"
9,1-Silver,Risky Moves,,TFT9_Augment_RiskyMoves,"Your Tactician loses 20 Health, but after 7 player combats, gain 26 gold."
9,1-Silver,Rolling For Days I,,TFT9_Augment_Commander_RollingForDays,Gain 10 free Shop rerolls.
9,1-Silver,Silver Spoon,,TFT9_Augment_SilverSpoon,Gain 10 XP.
9,1-Silver,Small Forge,,TFT9_Augment_Commander_SmallForge,Gain a component anvil and [gold] gold.
9,1-Silver,Social Distancing I,,TFT9_Augment_SocialDistancing,Combat start: Allies with no adjacent teammates gain 10% Attack Damage and 10 Ability Power.
9,1-Silver,Spoils of War I,,TFT9_Augment_DravenSpoilsOfWar,Enemies have a 25% chance to drop loot when killed.
9,1-Silver,Spoils of War I,,TFT9_Augment_Legend_DravenSpoilsOfWar,Enemies have a 25% chance to drop loot when killed.
9,1-Silver,Stationary Support I,,TFT9_Augment_StationarySupport1HR,"After 4 player combats, gain 1 Training Dummy(s) with 1 permanently attached Support item(s)."
9,1-Silver,Stationary Support I,,TFT9_Augment_StationarySupport1,"After 8 player combats, gain 1 Training Dummy(s) with 1 permanently attached Support item(s)."
9,1-Silver,Team Building,,TFT9_Augment_ArmyBuildingHR,Gain a Lesser Champion Duplicator. Gain another after 3 player combats. This item allows you to copy a 3-cost or less champion.
9,1-Silver,Team Building,,TFT9_Augment_ArmyBuilding,Gain a Lesser Champion Duplicator. Gain another after 5 player combats. This item allows you to copy a 3-cost or less champion.
9,1-Silver,Teaming Up,,TFT9_Augment_Commander_TeamingUp1,Gain 1 random component and 2 random 3-cost champions.
9,1-Silver,Tiny Grab Bag,,TFT9_Augment_TinyGrabBag,"Gain a random component, 2 gold, a Magnetic Remover."
9,1-Silver,Tiny Power I,,TFT9_Augment_Commander_TinyPower1,"Your team gains [ap]% Attack Damage, Ability Power, and Attack Speed."
9,1-Silver,Training Reward,,TFT9_Augment_TopDeck,Gain 5 gold and a Lesser Champion Duplicator.
9,1-Silver,Transfusion I,,TFT9_Augment_Transfusion,"Your units gain 20 Health, plus 2 Health per missing Tactician Health."
9,1-Silver,Transfusion I,,TFT9_Augment_Legend_Transfusion,"Your units gain 20 Health, plus 2 Health per missing Tactician Health."
9,1-Silver,Unburdened I,,TFT9_Augment_AirspeedVelocity1,Your units without items equipped gain 30.0% Attack Speed.
9,1-Silver,Unified Resistance I,,TFT9_Augment_Formation1,"If you have 3 or more champions in the same row at the start of combat, they all gain [armor] Armor and Magic Resist."
9,1-Silver,Well-Earned Comforts I,,TFT9_Augment_Commander_WellEarnedComforts,Your units gain 70 Health for each item equipped.
9,1-Silver,Young and Wild and Free,,TFT9_Augment_YoungAndWildAndFree,You can always move freely on Carousel rounds. Gain 5 gold.
9,2-Gold,A Cut Above,,TFT9_Augment_ACutAboveHR,Gain a Deathblade. Champions holding this item have a 25% chance to drop 2 gold on kill.
9,2-Gold,A Cut Above,,TFT9_Augment_ACutAbove,Gain a Deathblade. Champions holding this item have a 20% chance to drop 1 gold on kill.
9,2-Gold,All Natural II,,TFT9_Augment_AllNatural2,Champions that aren't holding items gain [health] Health and heal for 1% of their max Health each second.
9,2-Gold,All That Shimmers,,TFT9_Augment_AllThatShimmers,Choose a gold-generating Artifact item and gain a Magnetic Remover.
9,2-Gold,Balanced Budget,,TFT9_Augment_BalancedBudget2,"At the start of the next 4 rounds, gain [gold] gold."
9,2-Gold,Balanced Budget+,,TFT9_Augment_BalancedBudgetPlus,"At the start of the next 4 rounds, gain [gold] gold."
9,2-Gold,Battle Ready II,,TFT9_Augment_BattleReadyII,Your team deals 6% more damage and takes 6% less damage.
9,2-Gold,Big Grab Bag,,TFT9_Augment_BigGrabBag,"Gain 3 random components, 2 gold, and 1 Reforger. Reforgers allow you to remake any item."
9,2-Gold,Blood Price II,,TFT9_Augment_BloodPrice2,Your team gains 3.5% Attack Speed for each 10 missing player health.
9,2-Gold,Buried Treasures II,,TFT9_Augment_BuildingACollectionPlus,Gain a random item component now and at the start of the next 3 rounds.
9,2-Gold,Buried Treasures II,,TFT9_Augment_Legend_BuildingACollectionPlus,Gain a random item component now and at the start of the next 3 rounds.
9,2-Gold,Capricious Forge,,TFT9_Augment_CapriciousForge,"Gain a Blacksmith's Gloves, which equips two random Artifacts each round. Artifacts are more powerful items with a unique effect."
9,2-Gold,Caretaker's Favor,,TFT9_Augment_BardPlaybook2,"Gain a component anvil when you reach level 5, 6, 7, and 8. The anvil offers 4 choices."
9,2-Gold,Caretaker's Favor,,TFT9_Augment_Legend_BardPlaybook2,"Gain a component anvil when you reach level 5, 6, 7, and 8. The anvil offers 4 choices."
9,2-Gold,Combat Caster,,TFT9_Augment_CombatCaster,Your team gains [shieldamount1]-[shieldamount4] Shield for 3 seconds after casting their Ability. The Shield amount scales with round of the game.
9,2-Gold,Contagion,,TFT9_Augment_Contagion,"Combat start: The highest Health enemy takes 18% more damage. Every 5 seconds or on death, this effect spreads to 2 nearby enemies."
9,2-Gold,Cybernetic Bulk II,,TFT9_Augment_CyberneticBulk2,Your champions holding an item gain [health] health.
9,2-Gold,Cybernetic Leech II,,TFT9_Augment_CyberneticLeech2,Champions holding an item gain [health] Health and [omnivamp]% Omnivamp.
9,2-Gold,Dedication,,TFT9_Augment_Dedication,"The first time you field at least 4 distinct units of the same trait in player combat, gain an Emblem for that trait."
9,2-Gold,Early Education,,TFT9_Augment_EarlyEducation,Your team permanently gains 1 Ability Power whenever they kill an enemy. Combat start: Your team gains 15 bonus Ability Power.
9,2-Gold,Endurance Training,,TFT9_Augment_EnduranceTraining,Your team permanently gains 18 Health on enemy kill. Combat start: Your team gains 100 bonus Health.
9,2-Gold,Escort Quest,,TFT9_Augment_EscortQuest,Gain a Training Dummy. You gain 3 gold every time it survives player combat.
9,2-Gold,Final Grab Bag II,,TFT9_Augment_FinalGrabBagPlus,"Gain 2 random components, 12 gold, and a Magnetic Remover."
9,2-Gold,Gargantuan Resolve,,TFT9_Augment_GargantuanResolve,Gain a Titan's Resolve. Your Titan's Resolves can continue stacking to 40 instead of 25.
9,2-Gold,Gifts from the Fallen,,TFT9_Augment_GiftsFromTheFallen,"Your team gains 3% Attack Damage, [ap] Ability Power, 3 Armor, and 3 Magic Resist. Each time an ally dies, gain these stats again."
9,2-Gold,Gotta Go Fast! II,,TFT9_Augment_GottaGoFastII,Your team creates 20% more Mana and moves 60% faster.
9,2-Gold,Harmacist II,,TFT9_Augment_Harmacist2,Your team has 15% Omnivamp and converts 25% of excess healing to true damage on their next attack. (Omnivamp: healing for a percent of damage dealt)
9,2-Gold,Healing Orbs II,,TFT9_Augment_HealingOrbsII,"When an enemy dies, the nearest ally is healed for 575."
9,2-Gold,Idealism,,TFT9_Augment_Idealism,Gain a Hand of Justice. Champions holding this item deal 11% increased damage.
9,2-Gold,Infusion,,TFT9_Augment_Infusion,Your team restores 20 Mana every 5 seconds.
9,2-Gold,It Pays to Learn II,,TFT9_Augment_ItPaysToLearnII,Gain 16 XP and 12 gold.
9,2-Gold,Jeweled Lotus I,,TFT9_Augment_JeweledLotus,Your team gains 10% Critical Strike Chance and Precision . {{TFT_Keyword_Precision}}
9,2-Gold,Jeweled Lotus I,,TFT9_Augment_Legend_JeweledLotus,Your team gains 10% Critical Strike Chance and Precision . {{TFT_Keyword_Precision}}
9,2-Gold,Job Well Done,,TFT9_Augment_Commander_MediumForgePlus,Gain a completed item anvil and 1 random component.
9,2-Gold,Know Your Enemy,,TFT9_Augment_KnowYourEnemy,"You can see who you will fight next. Your team gains 8% Damage Amp, increased to 15% if you and your opponent have any of the same traits active."
9,2-Gold,Knowledge Download II,,TFT9_Augment_Commander_Experience2,Gain 22 XP.
9,2-Gold,Library Card,,TFT9_Augment_KnowledgeIsPower,Gain a Tome of Traits and a component anvil.
9,2-Gold,Lock Step,,TFT9_Augment_LockStep,"Round start: If your last opponent was higher leveled than you, gain 4 XP. Otherwise, gain 2 gold."
9,2-Gold,Long Distance Pals,,TFT9_Augment_LongDistanceRelationship2,"Combat start: Your 2 units furthest from each other form a bond, sharing 21% of their Armor, Magic Resist, Attack Damage, and Ability Power with each other."
9,2-Gold,Magic Wand,,TFT9_Augment_OldMansWalkingStick,Gain a Needlessly Large Rod. Your units gain 18 Ability Power.
9,2-Gold,Mana Burn,,TFT9_Augment_EnshroudingStillness,All enemies take 1% of their max Health as true damage each second until they cast their Ability. Gain a Shroud of Stillness.
9,2-Gold,Martyr,,TFT9_Augment_Martyr,"Whenever one of your allies die, your team heals for 9% of their max Health."
9,2-Gold,Medium Forge,,TFT9_Augment_Commander_MediumForge,Gain a completed item anvil and [gold] gold.
9,2-Gold,Money Laundering,,TFT9_Augment_MoneyLaundering,You earn no interest but at the start of every player combat round gain 1 gold per 2 units on your bench.
9,2-Gold,Money Money!,,TFT9_Augment_Commander_Money2,"Gain [gold] gold. In 3 turns, gain [gold] gold again."
9,2-Gold,Not Today,,TFT9_Augment_NotToday,Gain an Edge of Night. Champions holding this item gain 35% Attack Speed.
9,2-Gold,Patient Study,,TFT9_Augment_LearningFromExperience2,"After player combat, gain 2 XP if you won or 3 XP if you lost."
9,2-Gold,Patient Study,,TFT9_Augment_Legend_LearningFromExperience2,"After player combat, gain 2 XP if you won or 3 XP if you lost."
9,2-Gold,Pumping Up II,,TFT9_Augment_PumpingUp2HR,"Your team gains 5% Attack Speed. After each round, they gain 2% more. (Current Attack Speed: [TFTUnitProperty.item:TFT9_PumpingUp2Rounds]%)"
9,2-Gold,Pumping Up II,,TFT9_Augment_PumpingUp2,"Your team gains 10% Attack Speed. After each round, they gain 1% more. (Current Attack Speed: [TFTUnitProperty.item:TFT9_PumpingUp2Rounds]%)"
9,2-Gold,Pumping Up II,,TFT9_Augment_Legend_PumpingUp2,"Your team gains 10% Attack Speed. After each round, they gain 1% more. (Current Attack Speed: [TFTUnitProperty.item:TFT9_PumpingUp2Rounds]%)"
9,2-Gold,Rolling For Days II,,TFT9_Augment_Commander_RollingForDays2,Gain 15 free Shop rerolls.
9,2-Gold,Scrappy Inventions,,TFT9_Augment_ImpromptuInventions,Combat start: Up to 5 equipped components turn into completed items for the rest of combat. Gain a component at the start of the next 2 stages.
9,2-Gold,Shoplifting,,TFT9_Augment_Shoplifting,"At the start of each turn, gain the highest Tier champion in your shop for free."
9,2-Gold,Sleight of Hand,,TFT9_Augment_Sleightofhand,Gain a Thief's Gloves. Champions holding this item gain 100 Health and 20% Attack Speed.
9,2-Gold,Social Distancing II,,TFT9_Augment_SocialDistancing2,Combat start: Allies with no adjacent teammates gain 16% Attack Damage and 16 Ability Power.
9,2-Gold,Spoils of War II,,TFT9_Augment_DravenSpoilsOfWar2,Enemies have a 30.0% chance to drop loot when killed.
9,2-Gold,Spoils of War II,,TFT9_Augment_Legend_DravenSpoilsOfWar2,Enemies have a 30.0% chance to drop loot when killed.
9,2-Gold,Stars Are Born,,TFT9_Augment_StarsAreBorn,The first 1-cost and 2-cost champions you buy are instantly upgraded to 2-star. Gain 7 gold.
9,2-Gold,Stars Are Born,,TFT9_Augment_Legend_StarsAreBorn,The first 1-cost and 2-cost champions you buy are instantly upgraded to 2-star. Gain 7 gold.
9,2-Gold,Stationary Support II,,TFT9_Augment_StationarySupport2,Gain 1 Training Dummy with 1 permanently attached Support item(s).
9,2-Gold,Support Cache,,TFT9_Augment_SupportCache,Choose 1 of 4 Support items.
9,2-Gold,Teaming Up II,,TFT9_Augment_Commander_TeamingUp2,Gain 1 random Support item and 2 random 4-cost champions.
9,2-Gold,Three's a Crowd,,TFT9_Augment_ThreesACrowd,Your team gains 75 Health for each unique 3-cost champion on your board.
9,2-Gold,Tiny Power II,,TFT9_Augment_Commander_TinyPower2,"Your team gains [ap]% Attack Damage, Ability Power, and Attack Speed."
9,2-Gold,Tons of Stats!,,TFT9_Augment_TonsOfStats,"Your team gains 44 Health, 4% Attack Damage, 4% Ability Power, 4 Armor, 4 Magic Resist, 4% Attack Speed, and 4 Mana."
9,2-Gold,Training Reward II,,TFT9_Augment_TopDeckPlus,Gain 12 gold and a Lesser Champion Duplicator.
9,2-Gold,Transfusion II,,TFT9_Augment_TransfusionPlus,"Your units gain 40 Health, plus 3 Health per missing Tactician Health."
9,2-Gold,Transfusion II,,TFT9_Augment_Legend_TransfusionPlus,"Your units gain 40 Health, plus 3 Health per missing Tactician Health."
9,2-Gold,Two Healthy,,TFT9_Augment_TwoHealthy,Your team gains 80 Health for each unique 2-cost champion on your board.
9,2-Gold,Unburdened II,,TFT9_Augment_AirspeedVelocity2,Your units without items equipped gain 55.0% Attack Speed.
9,2-Gold,Unified Resistance II,,TFT9_Augment_Formation2,"If you have 3 or more champions in the same row at the start of combat, they all gain [armor] Armor and Magic Resist."
9,2-Gold,Well-Earned Comforts II,,TFT9_Augment_Commander_WellEarnedComforts2,Your units gain 111 Health for each item equipped.
9,2-Gold,What Doesn't Kill You,,TFT9_Augment_WhatDoesntKillYou,Gain 2 gold after losing a player combat. Gain a random component after every 4 losses. Losses until next component: [TFTUnitProperty.item:TFT9_Augment_WhatDoesntKillYou_Counter]
9,2-Gold,You Have My Bow,,TFT9_Augment_YouHaveMyBow,Gain a Recurve Bow. Your team gains 12% Attack Speed.
9,2-Gold,You Have My Sword,,TFT9_Augment_YouHaveMySword,Gain a B.F. Sword. Your units gain 15% Attack Damage.
9,3-Prismatic,Balanced Budget III,,TFT9_Augment_BalancedBudget3,"At the start of the next 4 rounds, gain [gold] gold."
9,3-Prismatic,Battle Ready III,,TFT9_Augment_BattleReadyIII,Your team deals 8% more damage and takes 8% less damage.
9,3-Prismatic,Blinding Speed,,TFT9_Augment_BlindingSpeed,"Gain a Giant Slayer, Guinsoo's Rageblade, a Recurve Bow and a Magnetic Remover. Useful for Attack Carries!"
9,3-Prismatic,Blood Price III,,TFT9_Augment_BloodPrice3,Your team gains 5% Attack Speed for each 10 missing player health.
9,3-Prismatic,Buried Treasures,,TFT9_Augment_BuildingACollectionPlusPlus,Gain a random item component now and at the start of the next 5 rounds.
9,3-Prismatic,Buried Treasures,,TFT9_Augment_Legend_BuildingACollectionPlusPlus,Gain a random item component now and at the start of the next 4 rounds.
9,3-Prismatic,Buried Treasures+,,TFT9_Augment_BuildingACollectionPlusPlus32,"Gain 2 random item components now, then 1 more at the start of the next [RoundsOfBonusItems] rounds."
9,3-Prismatic,Caretaker's Chosen,,TFT9_Augment_BardPlaybook3,"As you level, gain more powerful items. Level 4: Component anvil Level 6: Completed item anvil Level 8: Choose 1 of 5 Radiant items"
9,3-Prismatic,Caretaker's Chosen,,TFT9_Augment_Legend_BardPlaybook3,"As you level, gain more powerful items. Level 4: Component anvil Level 6: Completed item anvil Level 7: Choose 1 of 5 Radiant items"
9,3-Prismatic,Cybernetic Bulk III,,TFT9_Augment_CyberneticBulk3,Your champions holding an item gain [health] Health.
9,3-Prismatic,Cybernetic Leech III,,TFT9_Augment_CyberneticLeech3,Champions holding an item gain [health] Health and [omnivamp]% Omnivamp.
9,3-Prismatic,Endless Hordes,,TFT9_Augment_OneHundredDuckSizedHorses,"Gain +3 maximum team size, but your units can only hold 1 item and their total health is reduced by 11%. Gain 8 gold."
9,3-Prismatic,Endless Hordes +,,TFT9_Augment_OneHundredDuckSizedHorsesPlus,"Gain +3 maximum team size, but your units can only hold 1 item and their total health is reduced by 11%. Gain 18 gold."
9,3-Prismatic,Final Reserves,,TFT9_Augment_FinalReserves,"The first time you would be eliminated, you instead remain alive. After this happens, gain [xp] XP and set your gold to [gold]. Excess gold is converted to XP."
9,3-Prismatic,Giant Grab Bag,,TFT9_Augment_GiantGrabBag,"Gain 3 random components, 4 gold, and a Lesser Champion Duplicator."
9,3-Prismatic,Gotta Go Fast!!! III,,TFT9_Augment_GottaGoFastIII,Your team creates 30% more Mana and moves 100% faster.
9,3-Prismatic,Harmacist III,,TFT9_Augment_Harmacist3,Your team has 25% Omnivamp and converts 30% of excess healing to true damage on their next attack. (Omnivamp: healing for a percent of damage dealt)
9,3-Prismatic,Infernal Contract,,TFT9_Augment_InfernalContract,Your max level is 7. Gain [augmentgold] gold.
9,3-Prismatic,It Pays to Learn III,,TFT9_Augment_ItPaysToLearnIII,Gain 24 XP and 16 gold.
9,3-Prismatic,Jeweled Lotus II,,TFT9_Augment_GreaterJeweledLotus,"Your team gains 25% Critical Strike Chance, 10% Critical Strike Damage, and Precision . {{TFT_Keyword_Precision}}"
9,3-Prismatic,Jeweled Lotus II,,TFT9_Augment_Legend_GreaterJeweledLotus,"Your team gains 25% Critical Strike Chance, 10% Critical Strike Damage, and Precision . {{TFT_Keyword_Precision}}"
9,3-Prismatic,Knowledge Download III,,TFT9_Augment_Commander_Experience3,Gain 36 XP.
9,3-Prismatic,Large Forge,,TFT9_Augment_Commander_LargeForge,Gain an Artifact anvil and a component item anvil.
9,3-Prismatic,Masterful Job,,TFT9_Augment_Commander_LargeForgePlus,Gain an Artifact anvil and a completed item anvil.
9,3-Prismatic,Money Money Money!,,TFT9_Augment_Commander_Money3,"Gain [gold] gold. In 3 turns, gain [gold] gold again."
9,3-Prismatic,Overwhelming Force,,TFT9_Augment_OverwhelmingForce,"Gain a Deathblade, an Infinity Edge, a BF Sword, and a Magnetic Remover. Useful for Attack Carries or Attack Fighters!"
9,3-Prismatic,Phreaky Friday,,TFT9_Augment_PhreakyFridayHR,"Gain an Infinity Force. After 3 player combats, gain another. Infinity Force: Artifact that offers tons of offensive and defensive stats"
9,3-Prismatic,Phreaky Friday,,TFT9_Augment_PhreakyFriday,"Gain an Infinity Force. After 5 player combats, gain another. Infinity Force: Artifact that offers tons of offensive and defensive stats"
9,3-Prismatic,Phreaky Friday +,,TFT9_Augment_PhreakyFridayPlusHR,"Gain an Infinity Force. After 2 player combats, gain another. Infinity Force: Artifact that offers tons of offensive and defensive stats"
9,3-Prismatic,Phreaky Friday +,,TFT9_Augment_PhreakyFridayPlus,"Gain an Infinity Force. After 3 player combats, gain another. Infinity Force: Artifact that offers tons of offensive and defensive stats"
9,3-Prismatic,Pumping Up III,,TFT9_Augment_PumpingUp3HR,"Your team gains 12% Attack Speed. After each round, they gain 4% more. (Current Attack Speed: [TFTUnitProperty.item:TFT9_PumpingUp3Rounds]%)"
9,3-Prismatic,Pumping Up III,,TFT9_Augment_PumpingUp3,"Your team gains 16% Attack Speed. After each round, they gain 2% more. (Current Attack Speed: [TFTUnitProperty.item:TFT9_PumpingUp3Rounds]%)"
9,3-Prismatic,Pumping Up III,,TFT9_Augment_Legend_PumpingUp3,"Your team gains 16% Attack Speed. After each round, they gain 2% more. (Current Attack Speed: [TFTUnitProperty.item:TFT9_PumpingUp3Rounds]%)"
9,3-Prismatic,Radiant Rascal,,TFT9_Augment_RollTheDice,Gain a Rascal's Gloves item. This equips 2 random Radiant items every round. Radiant items are very powerful versions of completed items.
9,3-Prismatic,Rolling For Days III,,TFT9_Augment_Commander_RollingForDays3,Gain 25 free Shop rerolls.
9,3-Prismatic,Shopping Spree,,TFT9_Augment_HighEndSector,"When you level up, gain a number of free shop refreshes equal to your level+1. Gain 2 gold."
9,3-Prismatic,Shopping Spree,,TFT9_Augment_Legend_HighEndSector,"When you level up, gain a number of free shop refreshes equal to your level+1. Gain 2 gold."
9,3-Prismatic,Social Distancing III,,TFT9_Augment_SocialDistancing3,Combat start: Allies with no adjacent teammates gain 25% Attack Damage and 25 Ability Power.
9,3-Prismatic,Spectral Supplies,,TFT9_Augment_GiftsFromAbove,Combat start: Distribute [numitems] temporary items to the champions with the fewest items.
9,3-Prismatic,Spoils of War III,,TFT9_Augment_DravenSpoilsOfWar3,Enemies have a 40% chance to drop loot when killed.
9,3-Prismatic,Spoils of War III,,TFT9_Augment_Legend_DravenSpoilsOfWar3,Enemies have a 40% chance to drop loot when killed.
9,3-Prismatic,Starter Kit,,TFT9_Augment_StarterKit,"Gain a 4-cost champion, a 2-star 1-cost champion that shares a trait with them, and 8 gold. At the start of the next 2 stages, gain that 4-cost champion again."
9,3-Prismatic,Starter Kit,,TFT9_Augment_Legend_StarterKit,"Gain a 4-cost champion, a 2-star 1-cost champion that shares a trait with them, and 8 gold. At the start of the next 2 stages, gain that 4-cost champion again."
9,3-Prismatic,Stationary Support III,,TFT9_Augment_StationarySupport3,Gain 1 Training Dummy with 2 permanently attached Support item(s).
9,3-Prismatic,Tactician's Tools,,TFT9_Augment_TacticiansTools,Gain 2 Spatulas and 1 component anvil.
9,3-Prismatic,Teaming Up III,,TFT9_Augment_Commander_TeamingUp3,"Gain 1 Support Anvil, 1 random component, and 2 random Tier 4 champions."
9,3-Prismatic,Tiny Power III,,TFT9_Augment_Commander_TinyPower3,"Your team gains [ap]% Attack Damage, Ability Power, and Attack Speed."
9,3-Prismatic,Training Reward III,,TFT9_Augment_TopDeckPlusPlus,Gain 24 gold and a Champion Duplicator.
9,3-Prismatic,Transfusion III,,TFT9_Augment_TransfusionPlusPlus,"Your units gain 50 Health, plus 5 Health per missing Tactician Health."
9,3-Prismatic,Transfusion III,,TFT9_Augment_Legend_TransfusionPlusPlus,"Your units gain 50 Health, plus 5 Health per missing Tactician Health."
9,3-Prismatic,Urf's Grab Bag,,TFT9_Augment_FinalGrabBagPlusPlus,"Gain 2 random components, a Champion Duplicator, and a Spatula."
9,3-Prismatic,Wandering Trainer II,,TFT9_Augment_WanderingTrainer,Gain a Training Dummy with 3 permanently attached Emblems. Gain 8 gold.
9,3-Prismatic,Well-Earned Comforts III,,TFT9_Augment_Commander_WellEarnedComforts3,Your units gain 120 Health and 5% Attack Speed for each item equipped.
9,3-Prismatic,Wellness Trust,,TFT9_Augment_MoneyHealsAllWounds,"Round start: Gain 3 gold. If you have at least 40 gold, heal 2 player health."
9,3-Prismatic,What the Forge,,TFT9_Augment_WhatTheForge,Completed items you own (except Tactician's Items and Emblems) are transformed into random Artifacts. Champions gain 60 Health per equipped Artifact. Gain 1 Artifact Anvil.
9,?,Action Surge,,TFT9_Augment_ActionSurge,"After 6 seconds of combat, your team gains 50% Attack Speed for 6 seconds."
9,?,Action Surge II,,TFT9_Augment_ActionSurge2,"After 6 seconds of combat, your team gains 80.0% Attack Speed for 6 seconds."
9,?,Action Surge III,,TFT9_Augment_ActionSurge3,"After 6 seconds of combat, your team gains 130.0% Attack Speed for 6 seconds."
9,?,All Natural III,,TFT9_Augment_AllNatural3,Champions that aren't holding items gain [health] Health and heal for 9% of their max Health each second.
9,?,Amplify I,,TFT9_Augment_Commander_Amplify1,Your team gains 10% Critical Strike Damage.
9,?,Amplify II,,TFT9_Augment_Commander_Amplify2,Your team gains 20% Critical Strike Damage.
9,?,Amplify III,,TFT9_Augment_Commander_Amplify3,Your team gains 30% Critical Strike Damage.
9,?,Ascension,,TFT9_Augment_Commander_Ascension,"After 12 seconds of combat, your team gains 35% Damage Amp."
9,?,Berserkers I,,TFT9_Augment_BerserkI,Your units gain 0.5% Attack Speed per 0% missing health.
9,?,Berserkers II,,TFT9_Augment_BerserkII,Your units gain 0% Attack Speed per 0% missing health.
9,?,Berserkers III,,TFT9_Augment_BerserkIII,Your units gain 1.5% Attack Speed per 0% missing health.
9,?,Broken Trade Sector,,TFT9_Augment_BrokenTradeSector,"Gain a free Shop reroll now, and every 2 player combats."
9,?,Chemtech Overdrive,,TFT9_Augment_ChemtechOverdrive,"Open [NumHexes] portals to Zaun on random hexes in the second row. Any unit that starts combat in a portal gains 500 Health and 40% Attack Speed, and drops 1 gold on death."
9,?,Coinpurse I,,TFT9_Augment_Commander_Coinpurse1,Gain 10 gold.
9,?,Coinpurse I +,,TFT9_Augment_Commander_Coinpurse1plus,Gain 20 gold.
9,?,Coinpurse II,,TFT9_Augment_Commander_Coinpurse2,Gain 15 gold.
9,?,Coinpurse II +,,TFT9_Augment_Commander_Coinpurse2plus,Gain 20 gold.
9,?,Coinpurse III,,TFT9_Augment_Commander_Coinpurse3,Gain 20 gold.
9,?,Coinpurse III +,,TFT9_Augment_Commander_Coinpurse3plus,Gain 30 gold.
9,?,Conditioning I,,TFT9_Augment_Conditioning1,Your team permanently gains [healthperstack] max Health every 5 seconds in combat. Combat start: Your team gains 50 bonus max Health.
9,?,Conditioning II,,TFT9_Augment_Conditioning2,Your team permanently gains [healthperstack] max Health every 5 seconds in combat. Combat start: Your team gains 75 bonus max Health.
9,?,Conditioning III,,TFT9_Augment_Conditioning3,Your team permanently gains [healthperstack] max Health every 5 seconds in combat. Combat start: Your team gains 100 bonus max Health.
9,?,Cosmic Wisdom I,,TFT9_Augment_CosmicWisdom,"Buying XP now costs 2 gold. Every time you buy XP this turn, increase the cost by 1 to a max of 4. You can now reach level 10."
9,?,Cosmic Wisdom II,,TFT9_Augment_CosmicWisdom2,"Buying XP now costs 1 gold. Every time you buy XP this turn, increase the cost by 1 to a max of 4. You can now reach level 10."
9,?,Double Equipment,,TFT9_Augment_DoubleEquipment,Gain two copies of a random component.
9,?,Eagle Eye,,TFT9_Augment_EagleEye,"You know who your next opponent will be. Your units gain 40 Armor or 40 Magic Resist, and you can swap between the two during the planning phase."
9,?,Edgy I,,TFT9_Augment_Edgy1,Units that start combat on the edge of your board gain 20% Attack Damage and 20% Attack Speed.
9,?,Edgy II,,TFT9_Augment_Edgy2,Units that start combat on the edge of your board gain 30.0% Attack Damage and 30.0% Attack Speed.
9,?,Edgy III,,TFT9_Augment_Edgy3,Units that start combat on the edge of your board gain 40% Attack Damage and 40% Attack Speed.
9,?,Execute,,TFT9_Augment_Execute,"If a champion's target is below [hppercent]% Health, they deal [damageamp]% more damage."
9,?,Executioner I,,TFT9_Augment_Executioner,Your team executes enemies below [Healththreshold]% Health on hit. Executions have a 10% chance to drop 1 gold.
9,?,Executioner II,,TFT9_Augment_ExecutionerPlus,Your team executes enemies below [Healththreshold]% Health on hit. Executions have a 20% chance to drop 1 gold.
9,?,Executioner III,,TFT9_Augment_ExecutionerPlusPlus,Your team executes enemies below [Healththreshold]% Health on hit. Executions have a 25% chance to drop 1 gold.
9,?,Final Ascension,,TFT9_Augment_Commander_FinalAscension,"Your team gains [damageamp]% Damage Amp. After [delay] seconds, this increases to 60% Damage Amp."
9,?,Frequent Flier,,TFT9_Augment_JustKeepRollingHR,"After you reroll your Shop 15 times, rerolls only cost 1 gold. (Rerolls this game: [TFTUnitProperty.item:TFT9_JustKeepRollingRolls])"
9,?,Frequent Flier,,TFT9_Augment_JustKeepRolling,"After you reroll your Shop 8 times, rerolls only cost 1 gold. (Rerolls this game: [TFTUnitProperty.item:TFT9_JustKeepRollingRolls])"
9,?,Gadgeteen Spirit,,TFT9_Augment_GadgeteenSpirit,Combat start: Distribute [numitems] temporary items to the champions with the fewest items.
9,?,Get Jinxed!,,TFT9_Augment_GetJinxed,"After 8 seconds of combat, a Super Mega Death Rocket crashes into the largest clump of enemy units, dealing 250-500 depending on the current stage. Enemies hit have their healing reduced by 33% for 15 seconds."
9,?,Golden Ticket,,TFT9_Augment_SilverTicket,"Each time your Shop is rerolled, you have a 30% chance to gain a free reroll. Gain 3 gold."
9,?,Guild of Thieves,,TFT9_Augment_GuildOfThieves,"Your champions always have Thieves' Gloves. Your current items are removed, and whenever you would gain an item, you instead gain 1 gold."
9,?,Guinsoo's Large Bead,,TFT9_Augment_GuinsoosLargeBead,"Your attacks cannot critically strike, but deal magic damage equal to 150% of your critical strike chance on hit."
9,?,Hedge Fund,,TFT9_Augment_HedgeFund,Gain 22 gold. Your max interest is increased to 10. Interest is extra gold you gain per 10g saved.
9,?,Hedge Fund,,TFT9_Augment_Legend_HedgeFund,Gain 22 gold. Your max interest is increased to 10. Interest is extra gold you gain per 10g saved.
9,?,Hedge Fund+,,TFT9_Augment_HedgeFundPlus,Gain 30 gold. Your max interest is increased to 10. Interest is extra gold you gain per 10g saved.
9,?,Hedge Fund++,,TFT9_Augment_HedgeFundPlusPlus,Gain 40 gold. Your max interest is increased to 10. Interest is extra gold you gain per 10g saved.
9,?,High-End Shopping I,,TFT9_Augment_MediumEndShopping,Champions appear in the first 3 slots of your shop as if you were 1 level higher. Gain 1 gold.
9,?,Impenetrable Bulwark,,TFT9_Augment_ImpenetrableBulwark,"Gain a Bramble Vest, a Dragon's Claw, a Giant's Belt, and a Magnetic Remover. Useful for Magic Tanks or Attack Tanks!"
9,?,Item Grab Bag II,,TFT9_Augment_ItemGrabBagPlus,"Gain a random completed item, a random component, and 1 gold."
9,?,Item Grab Bag III,,TFT9_Augment_ItemGrabBagPlusPlus,Gain 2 random completed items and 4 Gold.
9,?,Knowledge Download 1+,,TFT9_Augment_Commander_Experience1Plus,Gain 20 XP.
9,?,Knowledge Download II+,,TFT9_Augment_Commander_Experience2Plus,Gain 28 XP.
9,?,Knowledge Download III+,,TFT9_Augment_Commander_Experience3Plus,Gain 36 XP.
9,?,Learning Potential,,TFT9_Augment_LearningPotential,"After each player combat, gain 1 XP per 2 inactive traits on your board. Inactive Traits: [TFTUnitProperty.item:TFT9_Augment_LearningPotential_TraitNum]"
9,?,Level Up.,,TFT9_Augment_LevelUpGold,"Gain [newvarplz] XP now. When you buy XP, gain 2 more for free."
9,?,Level Up?,,TFT9_Augment_LevelUpSilver,"Gain [newvarplz] XP now. When you buy XP, gain 1 more for free."
9,?,Magical Journey,,TFT9_Augment_MagicalJourney,"After each carousel, randomly gain 2 XP or 2 free rerolls. Then, randomly gain one of these effects again."
9,?,Magical Journey+,,TFT9_Augment_MagicalJourneyPlus,"After each carousel, randomly gain 4 XP or 3 free rerolls. Then, randomly gain one of these effects again."
9,?,Magical Journey++,,TFT9_Augment_MagicalJourneyPlusPlus,"After each carousel, randomly gain 6 XP or 4 free rerolls. Then, randomly gain one of these effects again."
9,?,Mana Jolt I,,TFT9_Augment_Commander_ManaJolt1,Combat start: Your team gains 20 Mana.
9,?,Mana Jolt II,,TFT9_Augment_Commander_ManaJolt2,Combat start: Your team gains 30 Mana.
9,?,Mana Jolt III,,TFT9_Augment_Commander_ManaJolt3,Combat start: Your team gains 40 Mana.
9,?,No Scope,,TFT9_Augment_NoScope,"Units in the first two rows have their range reduced to a maximum of 2 but gain 12 Armor, 12 Magic Resist, and 34% Attack Damage per hex of range lost."
9,?,Nuts and Bolts I,,TFT9_Augment_Commander_NutsAndBolts1,Gain 1 item component(s) and [numreforgers] Reforger(s).
9,?,Nuts and Bolts II,,TFT9_Augment_Commander_NutsAndBolts2,Gain 2 item component(s) and [numreforgers] Reforger(s).
9,?,Nuts and Bolts III,,TFT9_Augment_Commander_NutsAndBolts3,Gain 3 item component(s) and [numreforgers] Reforger(s).
9,?,Pandora's Items II,,TFT9_Augment_PandorasItems2,Round start: items on your bench are randomized. Gain 2 random components.
9,?,Pandora's Items II,,TFT9_Augment_Legend_PandorasItems2,Round start: items on your bench are randomized. Gain 2 random components.
9,?,Pandora's Items III,,TFT9_Augment_PandorasRadiantBox,Round start: items on your bench are randomized. Gain 1 random Radiant item.
9,?,Pandora's Items III,,TFT9_Augment_Legend_PandorasRadiantBox,Round start: items on your bench are randomized. Gain 1 random Radiant item.
9,?,Partial Ascension,,TFT9_Augment_Commander_PartialAscension,"After 12 seconds of combat, your team gains 20% Damage Amp."
9,?,Patient Study I,,TFT9_Augment_LearningFromExperience1,"After player combat, gain 1 XP if you won or 2 XP if you lost."
9,?,Patient Study III,,TFT9_Augment_LearningFromExperience3,"After player combat, gain 3 XP if you won or 6 XP if you lost."
9,?,Return on Investment,,TFT9_Augment_ReturnOnInvestmentHR,"When you reroll your Shop 28 times, gain a Tactician's Crown. (Refreshes this game: [TFTUnitProperty.item:TFT9_ReturnOnInvestmentRolls])"
9,?,Return on Investment,,TFT9_Augment_ReturnOnInvestment,"When you reroll your Shop 16 times, gain a Tactician's Crown. (Refreshes this game: [TFTUnitProperty.item:TFT9_ReturnOnInvestmentRolls])"
9,?,Sentinel's Shield,,TFT9_Augment_SentinelsShield,"The unit with with the highest Attack Speed gains a 400 Shield for 3 seconds that grants 40% stacking Attack Speed. When the shield is destroyed or expires, it will bounce to the ally with the lowest percent Health and renew."
9,?,Silver Ticket,,TFT9_Augment_BronzeTicket,Gain a free Shop reroll after every 4 rerolls. Gain 3 gold.
9,?,Silver Ticket,,TFT9_Augment_Legend_BronzeTicket,Gain a free Shop reroll after every 4 rerolls. Gain 3 gold.
9,?,Strength Of Ages I,,TFT9_Augment_StrengthOfAges,"At the end of each stage, all units on your board and bench gain 15% Attack Damage, 15% Ability Power, and 150 Health."
9,?,Think Inside The Box I,,TFT9_Augment_ThinkInsideTheBox,Units that don't start combat on the edge of your board gain 15% Ability Power and 75 Health.
9,?,Think Inside The Box II,,TFT9_Augment_ThinkInsideTheBox2,Units that don't start combat on the edge of your board gain 20% Ability Power and 100 Health.
9,?,Think Inside The Box III,,TFT9_Augment_ThinkInsideTheBox3,Units that don't start combat on the edge of your board gain 30.0% Ability Power and 150 Health.
9,?,Tiniest Titan,,TFT9_Augment_TiniestTitan,Gain 2 player Health and 1 gold after every player combat. Your Tactician also moves faster.
9,?,Tiniest Titan,,TFT9_Augment_TiniestTitanPlus,Gain 2 player Health and 2 gold after every player combat. Your Tactician also moves faster. Gain 10 gold now.
9,?,Tiniest Titan,,TFT9_Augment_Legend_TiniestTitan,Gain 2 player Health and 1 gold after every player combat. Your Tactician also moves faster.
9,?,Unburdened III,,TFT9_Augment_AirspeedVelocity3,Your units without items equipped gain 75% Attack Speed.
9,?,Unleashed Arcana,,TFT9_Augment_UnleashedArcana,"Gain a Jeweled Gauntlet, a Rabadon's Deathcap, a Needlessly Large Rod, and a Magnetic Remover. Useful for Magic Carries or Magic Casters!"
10,1-Silver,Good For Something I,,TFT10_Augment_GoodForSomethingSilver,Champions that aren't holding items have a [dropchance*100]% chance to drop 1 gold on death.
10,1-Silver,Help Is On The Way,,TFT10_Augment_HelpIsOnTheWay,"After [NumberOfCombats] player combats, choose 1 of 4 Support items."
10,1-Silver,Reach the Summit,,TFT10_Augment_ReachTheSummit,"When you reach Level 9, gain 50 XP and 10 Gold."
10,1-Silver,Silver Veil,,TFT10_Augment_SilverVeil,Your team gains 5% Attack Speed and is immune to the first crowd control effect in combat.
10,1-Silver,Sticks And Stones,,TFT10_Augment_SticksAndStones,"Champions that aren't holding items Shred and Sunder enemies for 3 seconds. Physical damage Sunders for 30%, and magic damage Shreds for 30%. Shred: reduces Magic Resist, Sunder: reduces Armor"
10,1-Silver,Stimpack,,TFT10_Augment_Stimpack,Gain 4 components after you lose 50 player health. (Health lost this game: [TFTUnitProperty.item:TFT10_Augment_Stimpack_HealthLost])
10,1-Silver,Switching Gears,,TFT10_Augment_SwitchingGears,Gain 3 gold whenever you break your win or loss streak.
10,1-Silver,Vampirism I,,TFT10_Augment_Vampirism,Your team gains 20 Health. Gain another 2 Health and 0% Omnivamp per 5 missing player health. (Omnivamp: healing for a percent of damage dealt)
10,2-Gold,Big Gains,,TFT10_Augment_BigGains,"Your team gains 100 bonus Health, and permanently gains 12 Health every 2 takedowns."
10,2-Gold,Blank Slate,,TFT10_Augment_BlankSlate,Immediately sell your team (including bench) for 200% of their value. Your next 8 Shop rerolls this round are free.
10,2-Gold,Crash Test Dummies,,TFT10_Augment_CrashTestDummies,Gain [Numdummies] Training Dummies. Combat start: Your Training Dummies launch themselves towards a group of enemies and Stun them for [stun] seconds.
10,2-Gold,Crown Guarded,,TFT10_Augment_CrownGuarded,Gain a Crownguard. Your Crownguards' start of combat effect is 85.0% stronger and the shield lasts 5 seconds longer.
10,2-Gold,Fully Adapted,,TFT10_Augment_FullyAdapted,Gain an Adaptive Helm. Champions holding this item gain both effects.
10,2-Gold,Good For Something II,,TFT10_Augment_GoodForSomething,Champions that aren't holding items have a [dropchance*100]% chance to drop 1 gold on death.
10,2-Gold,Heavy Hitters,,TFT10_Augment_HeavyHitters,Your units with at least 1500 max Health gain Attack Damage and Ability Power equal to 0% of their max Health.
10,2-Gold,Heroic Grab Bag,,TFT10_Augment_HeroicGrabBag,Gain 2 Lesser Champion Duplicators and 5 gold. This item allows you to copy a 3-cost or less champion.
10,2-Gold,Inspiring Epitaph,,TFT10_Augment_InspiringEpitaph,"When an champion dies, the nearest ally gains a 20% max Health Shield and 7% stacking Attack Speed."
10,2-Gold,Learning to Spell,,TFT10_Augment_LearningToSpell,"Your team gains 12 bonus Ability Power, and permanently gains 1 Ability Power every 2 takedowns."
10,2-Gold,Little Buddies,,TFT10_Augment_LittleBuddies_Set7,Your Tier-4 and Tier-5 champions gain [health] Health and 5% Attack Speed for every Tier-1 and Tier-2 champion on your board.
10,2-Gold,Little Buddies,,TFT10_Augment_LittleBuddies,Your 4-cost and 5-cost champions gain [health] Health and 7% Attack Speed for every 1-cost and 2-cost champion on your board. [TFTUnitProperty.item:TFT_Augment_LittleBuddies_Tooltip]
10,2-Gold,Low Interest Rates,,TFT10_Augment_LowInterestRates,Your max interest is capped at 4 gold but you gain 2 gold at the start of every player combat. Interest is extra gold you gain per 10g saved.
10,2-Gold,Lucky Streak,,TFT10_Augment_LuckyStreak_HR,Gain a Gambler's Blade and a Magnetic Remover. Gambler's Blade helps you gain gold.
10,2-Gold,Lucky Streak,,TFT10_Augment_LuckyStreak,Gain a Gambler's Blade and a Magnetic Remover. Gambler's Blade helps you gain gold.
10,2-Gold,Scapegoat,,TFT10_Augment_Scapegoat,"Gain a Training Dummy and 4 gold. If it is the first to die each player combat, gain 1 gold."
10,2-Gold,Shock Treatment,,TFT10_Augment_ShockTreatment,Gain a Statikk Shiv. Your Statikk Shivs' chain lightning effects deal 40-125% more damage (based on stage level).
10,2-Gold,Twin Terror I,,TFT10_Augment_TwinTerror1,"When you field exactly 2 copies of a champion, they both gain 350 Health and 35% Attack Speed. Anytime you 3-star, gain a 2-star copy."
10,2-Gold,Vampirism II,,TFT10_Augment_VampirismPlus,Your team gains 50 Health. Gain another 6 Health and 0% Omnivamp per 5 missing player health. (Omnivamp: healing for a percent of damage dealt)
10,3-Prismatic,Determined Investors,,TFT10_Augment_Determinedinvestors,"The first time you have 40 gold at the end of combat, gain Diamond Hands and [numcomponents] random component(s). This defensive item helps you gain more gold."
10,3-Prismatic,Going Long,,TFT10_Augment_GoingLong,You no longer gain interest. Gain 16 gold now. Round start: gain 4 XP. Interest is extra gold you gain per 10g saved.
10,3-Prismatic,Twin Terror II,,TFT10_Augment_TwinTerror2,"When you field exactly 2 copies of a champion, they both gain 500 Health and 50% Attack Speed. Anytime you 3-star, gain a 2-star copy."
11,1-Silver, The Golden Remover,,TFT11_Augment_GoldenRemover,Gain a Golden Remover and component item anvil. Golden Remover is an Item Remover with infinite uses.
11,1-Silver,Blood Money,,TFT11_Augment_SoulCollector,Gain [Gold] gold per [HealthPerGold] Health your Tactician loses.
11,1-Silver,Fine Vintage,,TFT11_Augment_FineVintage,Completed items left on your bench for [Rounds] rounds transform into Support&nbsp;Anvils.
11,1-Silver,Lunch Money,,TFT11_Augment_BloodBank,Every 8 damage you deal to enemy tacticians gives you 2 gold. Total Payouts: [TFTUnitProperty.item:TFT11_BloodBankPayoutTotal] Gold
11,1-Silver,Over Encumbered,,TFT11_Augment_OverEncumbered,"For the next stage, you only get 2 bench slots. After, get [Components] item&nbsp;components."
11,1-Silver,Pick of the Litter,,TFT11_Augment_PickOfTheLitter,"Open a special Shop with 3 free 3-cost champions. You can only pick 1, but you get 2 copies of it."
11,1-Silver,Pick of the Litter+,,TFT11_Augment_PickOfTheLitter_Plus,"Open a special Shop with 3 free 4-cost champions. You can only pick 1, but you get 2 copies of it."
11,1-Silver,Sharing Is Caring,,TFT11_Augment_SharingIsCaring,Combat start: You gain 1 gold and your opponent gains 1 gold.
11,1-Silver,Vampirism I,,TFT11_Augment_Common_ExampleAug,Your team gains [BaseHP] Health. Gain another [BonusHPPer5MissingHealth] Health and [OmnivampPercentPer5MissingHealth*100]% Omnivamp per 5 missing player health. (Omnivamp: healing for a percent of damage dealt)
11,1-Silver,Wandering Trainer I,,TFT11_Augment_WanderingTrainerSilver,Gain a Training Dummy with 1 permanently attached Emblems. Gain 1 gold.
11,2-Gold,Dragon's Spirit,,TFT11_Augment_DragonSpirit,Gain a Dragon's Claw. Champions equipped with a Dragon's Claw gain 100 Health and 10% Durability.
11,2-Gold,Epoch,,TFT11_Augment_Epoch,"Now, and at the start of every stage, gain 4 XP and 2 free rerolls."
11,2-Gold,Epoch+,,TFT11_Augment_EpochPlus,"Now, and at the start of every stage, gain 8 XP and 2 free rerolls."
11,2-Gold,Everything Must Go!,,TFT11_Augment_Common_EverythingMustGo,Your champions buy and sell for [cost] gold. Gain [gold] gold.
11,2-Gold,Prizefighter,,TFT11_Augment_Prizefighter,Gain 2 item components. Every 5 wins gives you an item&nbsp;component.
11,2-Gold,Raining Gold,,TFT11_Augment_RainingGold,Gain 7 gold now and 1 gold every&nbsp;round.
11,2-Gold,Raining Gold+,,TFT11_Augment_RainingGoldPlus,Gain 18 gold now and 1 gold every&nbsp;round.
11,2-Gold,ReinFOURcement,,TFT11_Augment_Reinfourcement,The next 4-cost champion you buy with gold is instantly upgraded to 2-star. Gain 7 gold.
11,2-Gold,Scoreboard Scrapper,,TFT11_Augment_ScoreboardScrapper,"Every round, if you're in the bottom 4, your team permanently gains 1.5% Attack Damage and Ability Power. If you're in the Top 4, they have 10% more Health."
11,2-Gold,Slammin',,TFT11_Augment_Slammin,"Gain 3 gold. After each player combat, if there are no items on your bench (other than consumables), gain 2 XP."
11,2-Gold,Slammin'+,,TFT11_Augment_Slammin_Plus,"Gain 4 gold and 10 XP now. After each player combat, if there are no items on your bench (other than consumables), gain 2 XP."
11,2-Gold,Too Much Candy,,TFT11_Augment_TooMuchCandy,"Your rerolls cost [StartingCost] gold. Every 6 rerolls, the cost goes up by 1 gold. At the start of each stage your reroll cost is reset to [StartingCost]."
11,2-Gold,Wandering Trainer I,,TFT11_Augment_WanderingTrainerGold,Gain a Training Dummy with 2 permanently attached Emblems. Gain 1 gold.
11,3-Prismatic,Accomplice,,TFT11_Augment_Accomplice,Get a Support Thief's Gloves and&nbsp;[gold]&nbsp;gold.
11,3-Prismatic,At What Cost,,TFT11_Augment_AtWhatCost,Immediately go to level 6 and gain 8 XP. You don't get to choose your future augments.
11,3-Prismatic,Ba-BOOM!,,TFT11_Augment_BaBoom,Your champions deal 90.0% more damage for 2 seconds on every other cast.
11,3-Prismatic,Build a Bud,,TFT11_Augment_Buildabud,Gain a random 3-star 1-cost champion. Gain 10 gold.
11,3-Prismatic,Call to Chaos,,TFT11_Augment_Calltochaos,Gain a powerful and random reward. Reward: [TFTUnitProperty.item:TFT11_Augment_CallToChaos]
11,3-Prismatic,Radiant Refactor,,TFT11_Augment_RadiantRefactor,Gain a Masterwork Upgrade and 1 component anvil. Masterwork Upgrade upgrades an item to Radiant!
11,3-Prismatic,"Tiny, but Deadly",,TFT11_Augment_TinyButDeadly,"Your team becomes small, gaining 33.0% Attack Speed and Movement Speed."
11,3-Prismatic,Trash to Treasure,,TFT11_Augment_TrashToTreasure,Reforging completed items turns them into a random Artifact and does not consume the reforger. Gain a Reforger and 2 Component Anvil(s).
11,3-Prismatic,Two for One,,TFT11_Augment_TwoforOne,"Each round, get a copy of the first champion you buy that costs 3 or less."
11,?,IRA,,TFT11_Augment_IRA,You have no max interest. Any interest above 5 gold gets converted to 2 XP each. Get 10 gold.
11,?,Lethal Tempo,,TFT11_Augment_LethalTempo,"When your team attacks, they gain 3% Attack Speed, up to 3%. Your team gains 3% stacking Attack Speed every time they attack, up to 10 stacks."
11,?,Supercombobulator,,TFT11_Augment_Supercombobulator,Transform champions on your board into random ones of ANY cost. Equipped items are returned to your bench.
13,1-Silver,Blade Dance,TFT13_Titan|TFT13_Rebel,TFT13_Augment_IreliaCarry,"Gain an Irelia. Your strongest Irelia gains 60.0% Attack Speed and gains a brand new Ability that dashes her between two targets, dealing physical damage to both."
13,1-Silver,Combat Medic,TFT13_Titan|TFT13_Crime,TFT13_Augment_FishCarry,"Gain a Steb. Your strongest Steb's Ability's Mana cost is reduced by 10, but no longer heals. Steb's spell grants 30% Omnivamp and strikes 3 times, each dealing 65.0%."
13,1-Silver,Guided Anomaly,,TFT13_Augment_GuidedAnomaly,Gain 10 free Anomaly rerolls. Unused rerolls are converted to gold. Gain 10 gold now.
13,1-Silver,Mad Chemist,TFT13_Titan|TFT13_Crime,TFT13_Augment_SingedCarry,"Gain a Singed. Your strongest Singed cannot attack but constantly runs, leaving a poison trail dealing magic damage over time. His Ability will always target himself and instead grants 30% Omnivamp and Move Speed."
13,1-Silver,This WILL Work,TFT13_Family|TFT13_Scrap|TFT13_Ambusher,TFT13_Augment_BlueCarry,"Gain a Powder. Your strongest Powder's explosion radius is increased by two hexes, has different damage falloff, but deals 50% damage to ALLIES."
13,1-Silver,Trolling,TFT13_Bruiser|TFT13_Scrap,TFT13_Augment_TrundleCarry,"Gain a Trundle. Your strongest Trundle's Ability no longer heals, but grants him 140% Attack Speed for 5 seconds, and permanently grants him 1.5% Attack Damage. His maximum mana is reduced by 50."
13,2-Gold,A Golden Find,,TFT13_Augment_AGoldenFind,Champions evolved by the Anomaly drop 2 gold every 3 kills. Gain 10 free rerolls.
13,2-Gold,Academic Research,TFT13_Academy,TFT13_Augment_Academy,"Whenever you build an item, gain a completed item anvil instead. That anvil always offers an Academy item and the item built. Gain 1 random components. Gain a Lux and an Ezreal."
13,2-Gold,Academy Crest,TFT13_Academy,TFT13_Augment_AcademyCrest,Gain an Academy Emblem and a Leona.
13,2-Gold,Adrenaline Burst,TFT13_Challenger,TFT13_Augment_Quickstriker,"Combat start and every 6 seconds, all Quickstrikers attack 85.0% faster for 2.5 seconds. Gain a Nocturne and Akali."
13,2-Gold,Aerial Warfare,TFT13_Hoverboard,TFT13_Augment_Firelight,Firelight champions gain 9% Attack Damage and 9 Ability Power when they start a Firelight dash. They gain another 3% for every hex traveled that combat. Gain a Scar and Zeri.
13,2-Gold,Ambusher Crest,TFT13_Ambusher,TFT13_Augment_AmbusherCrest,Gain an Ambusher Emblem and a Camille.
13,2-Gold,Another Anomaly,,TFT13_Augment_AnotherAnomaly,"After the Anomaly round on 4-6, gain an item that duplicates the chosen Anomaly Effect onto the equipped champion."
13,2-Gold,Arcane Retribution,TFT13_Sorcerer,TFT13_Augment_Sorcerer,"When Sorcerers die, they deal 300% of their Ability Power as magic damage to all adjacent units. Gain a Vladimir and Lux."
13,2-Gold,Artillerist Crest,TFT13_Martialist,TFT13_Augment_ArtilleristCrest,Gain an Artillerist Emblem and a Tristana.
13,2-Gold,Automata Crest,TFT13_Hextech,TFT13_Augment_AutomataCrest,Gain an Automata Emblem and a Nocturne.
13,2-Gold,Battle Scars,TFT13_Watcher,TFT13_Augment_Watcher,"Every time Watchers are attacked, they gain 2% Attack Damage. Every time Watchers are hit by an ability, they gain 4 Ability Power. Gain a Vander."
13,2-Gold,Black Rose Crest,TFT13_Cabal,TFT13_Augment_CabalCrest,Gain a Black Rose Emblem.
13,2-Gold,Bruiser Crest,TFT13_Bruiser,TFT13_Augment_BruiserCrest,Gain a Bruiser Emblem and a Sett.
13,2-Gold,Brutal Revenge,TFT13_Bruiser,TFT13_Augment_ChainsawCarry,"Gain 2 Rennis. Your strongest Renni's Ability costs 10 less and causes her to lunge towards the farthest enemy within 2 hexes, dealing 110.0% damage to the target and reduced damage to enemies in her path."
13,2-Gold,Chem-Baron Crest,TFT13_Crime,TFT13_Augment_ChembaronCrest,Gain a Chem-Baron Emblem and a Renata Glasc.
13,2-Gold,Conqueror Crest,TFT13_Warband,TFT13_Augment_ConquerorCrest,Gain a Conqueror Emblem and a Rell.
13,2-Gold,Crimson Pact,TFT13_Sorcerer|TFT13_Watcher,TFT13_Augment_VladCarry,"Gain a Vladimir. Your strongest Vladimir gains +3 Range and gains 5 bonus Mana each attack. His Ability no longer heals but grants 10% Damage Amp, deals [TOOLTIPBonusDamage*100]% bonus damage, and spreads additional damage to the nearest enemy."
13,2-Gold,Domination,TFT13_Infused,TFT13_Augment_Dominator,"Dominators gain 10% Attack Speed while shielded. When a Dominator gets a kill, all Dominators gain 100 Shield for 3 seconds. Gain a Cassiopeia."
13,2-Gold,Dominator Crest,TFT13_Infused,TFT13_Augment_DominatorCrest,Gain a Dominator Emblem and a Blitzcrank.
13,2-Gold,Enforcer Crest,TFT13_Squad,TFT13_Augment_EnforcerCrest,Gain an Enforcer Emblem.
13,2-Gold,Experiment Crest,TFT13_Experiment,TFT13_Augment_ExperimentCrest,Gain an Experiment Emblem and an Urgot.
13,2-Gold,Family Crest,TFT13_Family,TFT13_Augment_FamilyCrest,Gain a Family Emblem.
13,2-Gold,Firelight Crest,TFT13_Hoverboard,TFT13_Augment_FirelightCrest,Gain a Firelight Emblem and a Zeri.
13,2-Gold,Forbidden Magic,TFT13_Cabal,TFT13_Augment_Cabal,Every 2 takedowns by Black Rose champions or Sion grant Sion permanent 2% Attack Damage and 15 Max Health. Gain 3 Black Rose champions. (Stacks: [TFTUnitProperty.item:TFT13_Augment_Cabal_NumStacks])
13,2-Gold,Fractured Crystals,TFT13_Hextech,TFT13_Augment_Automata,"When an Automata champion fires their blast, they fire a second blast at the closest enemy dealing 70.0% of the original damage. Gain an Amumu and Nocturne."
13,2-Gold,Gloves Off,TFT13_Watcher,TFT13_Augment_PrimeCarry,"Gain a Vander. Your strongest Vander gains a brand new Ability that no longer grants resistances, but deals [TOOLTIPBonusDamage*100]% increased damage and punches the target backwards, dealing 34% of the original damage to all enemies hit."
13,2-Gold,Heavily Smash,TFT13_Bruiser,TFT13_Augment_Bruiser,"Every 4 seconds, Bruisers deal 7% bonus max Health bonus physical damage on their next attack. Gain a Steb and a Trundle."
13,2-Gold,Law Enforcement,TFT13_Squad,TFT13_Augment_Enforcer,Enforcer champions gain 10% Attack Damage. Every 6 Wanted enemy deaths grant 6 gold. Gain a Steb and Maddie.
13,2-Gold,Loot Explosion,TFT13_Ambusher,TFT13_Augment_Ambusher,"Ambusher kills have a chance to drop loot, scaling with Critical Strike Chance. The value of the loot given can also critically strike, granting even more loot. Gain a Camille and a Powder."
13,2-Gold,Noxian Guillotine,TFT13_Warband,TFT13_Augment_Conqueror,"Conquerors execute enemies below 12% Health. When they do, they gain 5 Armor and Magic Resist for the rest of combat. Gain a Darius and Draven."
13,2-Gold,Paint the Town Blue,TFT13_Rebel,TFT13_Augment_Rebel,"When the first 4 Rebels die each combat, summon a copy of themselves that is one-star lower with 400 less Health. Gain an Akali and an Irelia."
13,2-Gold,Pit Fighter Crest,TFT13_Pugilist,TFT13_Augment_PitFighterCrest,Gain a Pit Fighter Emblem and an Urgot.
13,2-Gold,Quickstriker Crest,TFT13_Challenger,TFT13_Augment_QuickstrikerCrest,Gain a Quickstriker Emblem and an Akali.
13,2-Gold,Rebel Crest,TFT13_Rebel,TFT13_Augment_RebelCrest,Gain a Rebel Emblem and an Akali.
13,2-Gold,Rocket Collection,TFT13_Martialist,TFT13_Augment_Artillerist,"Artillerist rockets deal 15% increased damage. Every 65 rockets your Artillerists fire, gain a Collector (max 2). Gain a Tristana and Urgot. (Rockets Fired: [TFTUnitProperty.item:TFT13_Augment_Artillerist_TotalDamage])"
13,2-Gold,Rocket Collection+,TFT13_Martialist,TFT13_Augment_ArtilleristPlus,"Artillerist rockets deal 15% increased damage. Every 65 rockets your Artillerists fire, gain a Collector (max 2). Gain a Tristana and Urgot. (Rockets Fired: [TFTUnitProperty.item:TFT13_Augment_Artillerist_TotalDamage])"
13,2-Gold,Scrap Crest,TFT13_Scrap,TFT13_Augment_ScrapCrest,Gain a Scrap Emblem and a Ziggs.
13,2-Gold,Sentinel Crest,TFT13_Titan,TFT13_Augment_SentinelCrest,Gain a Sentinel Emblem and a Rell.
13,2-Gold,Shield Bash,TFT13_Titan,TFT13_Augment_Sentinel,"Sentinels gain 5% bonus Armor and Magic Resist. Every 4 seconds, their next attack deals 75% of their total resistances as magic damage. Gain a Loris."
13,2-Gold,Sniper Crest,TFT13_Sniper,TFT13_Augment_SniperCrest,Gain a Sniper Emblem and a Zeri.
13,2-Gold,Sniper's Nest,TFT13_Sniper,TFT13_Augment_Sniper,Snipers gain +8% Damage Amp for each round fought from the same starting hex (Maximum +32%). Gain a Zeri.
13,2-Gold,Sorcerer Crest,TFT13_Sorcerer,TFT13_Augment_SorcererCrest,Gain a Sorcerer Emblem and a Vladimir.
13,2-Gold,The Mutation Survives,TFT13_Experiment,TFT13_Augment_Experiment,"Experiments gain 11% Health and grant a special hex. The Experiment in the hex is killed on combat start, granting their Experiment bonus to other laboratory hexes. Gain 3 Experiment champions."
13,2-Gold,Top of the Scrap Heap,TFT13_Scrap,TFT13_Augment_Scrap,"Every 6 components Scrap champions convert, gain a random component (max 5). Gain a Powder and a Trundle. Converted: [TFTUnitProperty.item:TFT13_Augment_Scrap_NumComponents]/6"
13,2-Gold,Training Arc,TFT13_Pugilist,TFT13_Augment_PitFighter,"Pit Fighters permanently gain 1.5% Attack Damage if they lost the last combat. If they won, gain 50 Health instead. Gain an Urgot."
13,2-Gold,Trait: Betrayal,TFT13_Squad|TFT13_Sniper|TFT13_Challenger|TFT13_Warband|TFT13_Ambassador,TFT13_TeamupAugment_Betrayal,"Maddie always targets Ambessa's target with her Ability and attacks. Every round where either gets at least 2 kills, gain a Maddie. Gain a 2-star Maddie and Ambessa."
13,2-Gold,Trait: Martial Law,TFT13_Squad|TFT13_Warband|TFT13_Challenger|TFT13_Sniper,TFT13_TeamupAugment_Mentorship,"When Ambessa casts, Caitlyn fires an empowered attack at the target, dealing 200% damage. Ambessa gains 18% of Caitlyn's Attack Damage. Gain a Caitlyn and Ambessa."
13,2-Gold,Trait: Menaces,TFT13_Family|TFT13_Infused|TFT13_Ambusher|TFT13_Scrap,TFT13_TeamupAugment_Menaces,"While fielded with Silco, Powder gains Dominator, but no longer benefits from Family. When her monkey explodes, it creates 3 of Silco's monstrosities. Gain a 2-star Powder and a Silco."
13,2-Gold,Trait: Reunion,TFT13_Squad|TFT13_Pugilist|TFT13_Ambusher|TFT13_Hoverboard|TFT13_Scrap,TFT13_TeamupAugment_Reunion,"When Vi casts, Ekko releases 3 afterimages towards her target dealing 40% damage. When Ekko casts, Vi slams an earthquake towards his target dealing 100% damage. Gain a Vi and Ekko."
13,2-Gold,Trait: Sisters,TFT13_Squad|TFT13_Rebel|TFT13_Pugilist|TFT13_Ambusher,TFT13_TeamupAugment_Sisters,"Gain the Sister Trait. When Vi scores a takedown, Jinx gains 80.0% bonus Attack Speed for 10 seconds. When Jinx scores a takedown, Vi gains 80.0% bonus Attack Damage for 10 seconds. Gain a Vi and Jinx."
13,2-Gold,Trait: Unlikely Duo,TFT13_Rebel|TFT13_Crime|TFT13_Pugilist|TFT13_Ambusher,TFT13_TeamupAugment_UnlikelyDuo,"Jinx and Sevika gain 10% Attack Damage and 100 Health. Whenever one casts, they grant the other 10 mana. Sevika's arm is luckier. Gain a Jinx and Sevika."
13,2-Gold,Visionary Crest,TFT13_Invoker,TFT13_Augment_VisionaryCrest,Gain a Visionary Emblem and a Renata Glasc.
13,2-Gold,Voidcaller,TFT13_Invoker,TFT13_Augment_Visionary,"For every 275 Mana Visionaries spend during combat, summon a Voidling, up to 5 Voidlings. Gain a Rell and Morgana. The Voidling has 400-600 Health based on Stage."
13,2-Gold,War for the Undercity,TFT13_Crime,TFT13_Augment_Chembaron,"Everytime you choose to save your Shimmer on a Black Market, heal 4 player health and gain 6 gold. Gain a Renni."
13,2-Gold,Watcher Crest,TFT13_Watcher,TFT13_Augment_WatcherCrest,Gain a Watcher Emblem and a Vander.
13,2-Gold,Welcome to the Playground,TFT13_Family,TFT13_Augment_Family,"If at least 2 Family members are alive after 15 seconds in combat or at the end of combat, gain a random copy of a Vander, Powder, or Violet. Gain a Powder and Violet."
13,2-Gold,Why Not Both?,TFT13_FormSwapper,TFT13_Augment_Formswapper,"While you field 2 of the same Form Swapper in different forms, both gain 30 Ability Power, Armor, and Magic Resist, and 30% Attack Damage. When you 3-star a Form Swapper, gain a 2-star copy. Gain a Swain and Gangplank."
13,3-Prismatic,A Change Of Fate,,TFT13_Augment_Grant6Cost_MissMage,"Gain a Blue Buff. After starting a round with 60 gold and winning a player combat, gain a Mel and a Hextech Gunblade. Tasks can be completed in any order."
13,3-Prismatic,Academy Crown,TFT13_Academy,TFT13_Augment_AcademyCrown,Gain an Academy Emblem and a random sponsored item.
13,3-Prismatic,Ambusher Crown,TFT13_Ambusher,TFT13_Augment_AmbusherCrown,"Gain an Ambusher Emblem, a Hand of Justice, and a Camille."
13,3-Prismatic,Artillerist Crown,TFT13_Martialist,TFT13_Augment_ArtilleristCrown,"Gain an Artillerist Emblem, a Runaan's Hurricane, and a Tristana."
13,3-Prismatic,Automata Crown,TFT13_Hextech,TFT13_Augment_AutomataCrown,"Gain an Automata Emblem, a Guardbreaker, and a Nocturne."
13,3-Prismatic,Black Rose Crown,TFT13_Cabal,TFT13_Augment_CabalCrown,"Gain a Black Rose Emblem, a Spear of Shojin, and a Cassiopeia."
13,3-Prismatic,Bruiser Crown,TFT13_Bruiser,TFT13_Augment_BruiserCrown,"Gain a Bruiser Emblem, a Redemption, and a Sett."
13,3-Prismatic,Chem-Baron Crown,TFT13_Crime,TFT13_Augment_ChembaronCrown,"Gain a Chem-Baron Emblem, a Nashor's Tooth, and a Smeech."
13,3-Prismatic,Conqueror Crown,TFT13_Warband,TFT13_Augment_ConquerorCrown,"Gain a Conqueror Emblem, a Last Whisper, and a Rell."
13,3-Prismatic,Dominator Crown,TFT13_Infused,TFT13_Augment_DominatorCrown,"Gain a Dominator Emblem, a Protector's Vow, and a Blitzcrank."
13,3-Prismatic,Enforcer Crown,TFT13_Squad,TFT13_Augment_EnforcerCrown,"Gain an Enforcer Emblem, an Infinity Edge, and a Maddie."
13,3-Prismatic,Experiment Crown,TFT13_Experiment,TFT13_Augment_ExperimentCrown,"Gain an Experiment Emblem, a Bloodthirster, and an Urgot."
13,3-Prismatic,Family Crown,TFT13_Family,TFT13_Augment_FamilyCrown,Gain a Family Emblem and a Redemption.
13,3-Prismatic,Firelight Crown,TFT13_Hoverboard,TFT13_Augment_FirelightCrown,"Gain a Firelight Emblem, a Protector's Vow, and a Scar."
13,3-Prismatic,Glorious Evolution,,TFT13_Augment_Grant6Cost_Viktor,"Gain an Adaptive Helm. After you upgrade 4 champions, gain a Viktor and a Jeweled Gauntlet. (Current: [TFTUnitProperty.item:TFT13_Augment_GrantViktor])"
13,3-Prismatic,Pit Fighter Crown,TFT13_Pugilist,TFT13_Augment_PitFighterCrown,"Gain a Pit Fighter Emblem, a Sterak's Gage, and a Gangplank."
13,3-Prismatic,Quickstriker Crown,TFT13_Challenger,TFT13_Augment_QuickstrikerCrown,"Gain a Quickstriker Emblem, a Guinsoo's Rageblade, and a Nocturne."
13,3-Prismatic,Rebel Crown,TFT13_Rebel,TFT13_Augment_RebelCrown,"Gain a Rebel Emblem, a Jeweled Gauntlet, and an Akali."
13,3-Prismatic,Scrap Crown,TFT13_Scrap,TFT13_Augment_ScrapCrown,"Gain a Scrap Emblem, a Ziggs, and 2 random components."
13,3-Prismatic,Sentinel Crown,TFT13_Titan,TFT13_Augment_SentinelCrown,"Gain a Sentinel Emblem, a Crownguard, and a Loris."
13,3-Prismatic,Sniper Crown,TFT13_Sniper,TFT13_Augment_SniperCrown,"Gain a Sniper Emblem, an Infinity Edge, and a Zeri."
13,3-Prismatic,Sorcerer Crown,TFT13_Sorcerer,TFT13_Augment_SorcererCrown,"Gain a Sorcerer Emblem, an Adaptive Helm, and a Vladimir."
13,3-Prismatic,Trait: Geniuses,TFT13_Academy|TFT13_Hoverboard|TFT13_Ambusher|TFT13_Scrap|TFT13_Invoker,TFT13_TeamupAugment_Geniuses,"When Heimerdinger casts, Ekko releases 3 afterimages, each dealing 50% damage. When Ekko casts, Heimerdinger fires 3 missiles, each dealing 150% damage. Gain a Heimerdinger, Ekko, and a Jeweled Gauntlet."
13,3-Prismatic,Trait: What Could Have Been,TFT13_Infused|TFT13_Family|TFT13_Watcher,TFT13_TeamupAugment_BloodBrothers,"Vander gains 30 permanent max Health each time Silco casts. Silco gains 6 permanent Ability Power each time Vander dies. Gain a 2-star Vander, a Silco, and a Spear of Shojin."
13,3-Prismatic,Visionary Crown,TFT13_Invoker,TFT13_Augment_VisionaryCrown,"Gain a Visionary Emblem, a Spear of Shojin, and a Renata Glasc."
13,3-Prismatic,Watcher Crown,TFT13_Watcher,TFT13_Augment_WatcherCrown,"Gain a Watcher Emblem, a Steadfast Heart, and a Scar."
13,3-Prismatic,What You Really Are,,TFT13_Augment_Grant6Cost_Warwick,"Gain a Bloodthirster. After you deal [PlayerDamage] damage to other players, gain a Warwick and a Sterak's Gage. (Current: [TFTUnitProperty.item:TFT13_Augment_WarwickDamageCount])"
14,1-Silver,Adaptive Strikes,TFT14_Armorclad|TFT14_EdgeRunner,TFT14_Augment_JaxCarry,Gain a Jax. Your strongest Jax's attacks deal bonus magic damage every 3rd attack which gets stronger each time. His ability grants Attack Speed.
14,1-Silver,Button Mash,TFT14_Cyberboss|TFT14_Armorclad,TFT14_Augment_PoppyCarry,Gain a Poppy. Your strongest Poppy's ability is replaced with a 3-hit Wallop.
14,1-Silver,Cease and Desist,TFT14_Vanguard|TFT14_Suits,TFT14_Augment_ViCarry,"Gain a Vi. Your strongest Vi gains Attack Speed and her ability dashes to the farthest target within 3-hexes, Stuns, and deals bonus physical damage."
14,1-Silver,Wolf Unchained,TFT14_AnimaSquad|TFT14_Vanguard,TFT14_Augment_SylasCarry,"Gain a Sylas. Your strongest Sylas's ability deals more damage and recasts on kill, but his Health gain no longer scales with Ability Power."
14,2-Gold,"10,000 IQ",TFT14_Controller,TFT14_Augment_Controller_Vertical,"Every [Rounds] rounds with Strategist active, bet whether you'll win more or lose more. After those rounds, gain 4 gold. If you're correct, gain a completed item Anvil. Gain&nbsp;a&nbsp;Yuumi&nbsp;and&nbsp;an&nbsp;Ekko. [TFTUnitProperty.item:TFT14_Augment_Strategist_BetStatus]"
14,2-Gold,"10,000 IQ+",TFT14_Controller,TFT14_Augment_Controller_VerticalPlus,"Every [Rounds] rounds with Strategist active, bet whether you'll win more or lose more. After those rounds, gain 10 gold. If you're correct, gain a completed item Anvil. Gain&nbsp;a&nbsp;Yuumi&nbsp;and&nbsp;an&nbsp;Ekko. [TFTUnitProperty.item:TFT14_Augment_Strategist_BetStatus]"
14,2-Gold,Alter Ego,TFT14_Divinicorp|TFT14_Vanguard,TFT14_Augment_RhaastCarry,"Gain a Rhaast. Your strongest Rhaast enters Shadow Assassin form and his ability is replaced with a dash and 1 hex spin. If it kills, he immediately casts&nbsp;again."
14,2-Gold,Anima Squad Crest,TFT14_AnimaSquad,TFT14_Augment_AnimaSquadCrest,Gain an Anima Squad Emblem.
14,2-Gold,Bastion Crest,TFT14_Armorclad,TFT14_Augment_ArmorcladCrest,Gain an Bastion emblem.
14,2-Gold,Board of Directors,TFT14_Divinicorp,TFT14_Augment_Divinicorp_Splash,"If you have 3 or fewer Divinicorp champions, their bonuses are increased by 50% + [BonusPerStage*100]% for each Stage. Gain a Rhaast and a Morgana."
14,2-Gold,BoomBot Crest,TFT14_BallisTek,TFT14_Augment_BoomBotsCrest,Gain a BoomBot emblem.
14,2-Gold,Bruiser Crest,TFT14_Bruiser,TFT14_Augment_BruiserCrest,Gain a Bruiser emblem.
14,2-Gold,Capacitor,TFT14_Techie,TFT14_Augment_Techie_Splash,"When Techies cast, grant the lowest Health Techie a Shield equal to [ManaConversion*100]% of the Mana spent. Gain a Veigar and a Zyra."
14,2-Gold,Cognitive Implant,TFT14_Techie,TFT14_Augment_Techie_Vertical,"Your Techies gain 5 Ability Power, increased by 1 for every 2 takedowns. Gain a Veigar and a Zyra."
14,2-Gold,"Cower, Weaklings!",TFT14_Cyberboss,TFT14_Augment_Cyberboss_Cower,Cyberboss abilities reduce the target's max Health by 20%. Cyberbosses take 20% less damage from enemies with less max Health. Gain a Poppy and a Veigar.
14,2-Gold,Cutpurse,TFT14_Cutter,TFT14_Augment_Cutter_Splash,Executioners have a 3% chance to drop a gold when their attacks critically strike. Gain&nbsp;a&nbsp;Graves&nbsp;and&nbsp;Rengar. Gold Gained: [TFTUnitProperty.item:TFT14_Augment_CutpurseGold]
14,2-Gold,Cyberdeck,TFT14_EdgeRunner,TFT14_Augment_Exotech_Cyberdeck,"On combat start, 1 of your Exotech units with 2 items gains their ideal Exotech item. Gain a Jax and Naafiri."
14,2-Gold,Cypher Crest,TFT14_Suits,TFT14_Augment_CryptoCrest,Gain a Cypher emblem.
14,2-Gold,Divine Ascension,TFT14_Divinicorp,TFT14_Augment_Divinicorp_Vertical,"After 12 seconds your Divinicorp champions ascend, gaining 20% Health and 30.0% Attack Speed. Gain a Rhaast and a Morgana."
14,2-Gold,Divinicorp Crest,TFT14_Divinicorp,TFT14_Augment_DivinicorpCrest,Gain a Divinicorp emblem.
14,2-Gold,Dummy With A Gun,TFT14_Mob,TFT14_Augment_Syndicate_DummyWithAGun,"With Syndicate active, your Training Dummies shoot enemies. Every 2 times they attack, grant the Kingpins 2% Attack Damage and Ability Power. Gain 1 Training Dummy, a Darius, and a Twisted Fate."
14,2-Gold,Dynamo Crest,TFT14_Thirsty,TFT14_Augment_InvokerCrest,Gain a Dynamo emblem.
14,2-Gold,Executioner Crest,TFT14_Cutter,TFT14_Augment_ExecutionerCrest,Gain an Executioner emblem.
14,2-Gold,Exotech Crest,TFT14_EdgeRunner,TFT14_Augment_ExotechCrest,Gain an Exotech emblem.
14,2-Gold,Expensive Taste,TFT14_Immortal,TFT14_Augment_Immortal_Splash,"Golden Ox gain 15% Attack Speed. Every 8 shops contains a 4-cost, reduced by each unique Golden Ox fielded in combat. Gain a Graves and&nbsp;an&nbsp;Alistar. [TFTUnitProperty.item:TFT14_Augment_GoldenOx_ShopCount]"
14,2-Gold,Expensive Taste+,TFT14_Immortal,TFT14_Augment_Immortal_SplashPlus,"Golden Ox gain 15% Attack Speed. Every 9 shops contains a 5-cost, reduced by each unique Golden Ox fielded in combat. Gain a Graves and&nbsp;an&nbsp;Alistar. [TFTUnitProperty.item:TFT14_Augment_GoldenOx_ShopCount]"
14,2-Gold,Flatline,TFT14_Marksman,TFT14_Augment_Marksman_Vertical,"Marksmen execute enemies under 10% Health. Every time a Marksman executes, all Marksman gain 3% Attack Speed. Gain a Jhin and a Kindred."
14,2-Gold,Freestyling,TFT14_StreetDemon,TFT14_Augment_StreetDemon_Freestyling,"Clear all painted hexes. When Street Demons start combat on a non-tagged hex, tag it. After all hexes are tagged, gain 25 gold. Gain 3 Street Demons."
14,2-Gold,Golden Fleece,TFT14_Immortal,TFT14_Augment_Immortal_Vertical,"Each Golden Ox drops 1 gold after fighting 2 rounds. Your max interest is&nbsp;7. Gain a Graves, an Alistar, and 1&nbsp;gold."
14,2-Gold,Golden Fleece+,TFT14_Immortal,TFT14_Augment_Immortal_VerticalPlus,"Each Golden Ox drops 1 gold after fighting 2 rounds. Your max interest is&nbsp;7. Gain a Graves, an Alistar, and 4&nbsp;gold."
14,2-Gold,Golden Ox Crest,TFT14_Immortal,TFT14_Augment_GoldenOxCrest,Gain a Golden Ox emblem.
14,2-Gold,Hostile Takeover,TFT14_Suits,TFT14_Augment_Suits_CorporateCashOut,"Cypher gains 75% of its combat bonus now. Gain 200% Intel from kills, but only 30.0% from losses. Gain a Draven."
14,2-Gold,Hunter Killer Missile,TFT14_BallisTek,TFT14_Augment_Boombots_BigBoom,"Every 6 Boombot rockets, fire an HK Missile at the current target that deals 350% of the original rocket's damage. Gain a Kog'Maw and a Skarner."
14,2-Gold,Keep Your Friends Close,TFT14_Mob,TFT14_Augment_Syndicate_KeepYourFriendsClose,Syndicate Kingpins gain 10% Attack Speed and 120 Health for each adjacent ally in their row. The allies gain 175 Health. Gain a Twisted Fate and a&nbsp;Darius.
14,2-Gold,Lethal Rerouting,TFT14_Strong,TFT14_Augment_Strong_Vertical,"Slayers above 50% Health gain 20% Attack Damage. While under 50%, they gain 15% Omnivamp. Gain a Vayne and a Shaco."
14,2-Gold,Liquidate,TFT14_Suits,TFT14_Augment_Suits_Liquidate,"When you trade Cypher Intel, your board and bench is sold for 300% value and you gain 4 Reforgers. Gain&nbsp;a&nbsp;Draven."
14,2-Gold,Marksman Crest,TFT14_Marksman,TFT14_Augment_MarksmanCrest,Gain a Marksman emblem.
14,2-Gold,Memory Bank,TFT14_Thirsty,TFT14_Augment_Thirsty_Vertical,"Gain a Jhin and Morgana. Dynamos gain 3% Damage Amp. After they spend 7000 Mana, gain a Zhonya's Paradox and an&nbsp;Aurora. [TFTUnitProperty.item:TFT14_Augment_Thirsty_ManaStored_Tooltip]"
14,2-Gold,New High Score,TFT14_Cyberboss,TFT14_Augment_Cyberboss_HighScore,Cyberbosses increase their score when they deal damage. When they reach the next high score gain bonus loot. Gain a Veigar and&nbsp;a&nbsp;Poppy. [TFTUnitProperty.item:TFT14_Augment_Cyberbosses_Highscore_Tooltip]
14,2-Gold,Overclocked,TFT14_Supercharge,TFT14_Augment_Supercharge_Vertical,"Your A.M.P. champions with 3 items gain 1&nbsp;Amp. Gain 4 rerolls, a Naafiri, and&nbsp;a&nbsp;Nidalee."
14,2-Gold,Polished Chrome,TFT14_HotRod,TFT14_Augment_Nitro_PolishedChrome,"When you 3-star Nitro champions, they gain 15% Attack Damage, 20 Ability Power, and grant 10 Gold. Gain a Kindred and a Nidalee."
14,2-Gold,Power Leveling,TFT14_AnimaSquad,TFT14_Augment_AnimaSquad_PowerUp,Anima Squad takedowns have a 30% chance to drop an XP orb that sells for 1 XP. Anima Squad units gain 0% Attack Speed for each of your player levels. Gain a Seraphine and Illaoi. [TFTUnitProperty.item:TFT14_Augment_AnimaSquad_Count_Tooltip]
14,2-Gold,Rapidfire Crest,TFT14_Swift,TFT14_Augment_DuelistCrest,Gain a Rapidfire emblem.
14,2-Gold,Reactive Shell,TFT14_Vanguard,TFT14_Augment_Guardian_Vertical,"Vanguards gain 7% Health. When the Vanguard Shield ends, deal 50% of the initial Shield as magic damage to their current target. Gain a Skarner and a Vi."
14,2-Gold,Reinforcing Skeleture,TFT14_Bruiser,TFT14_Augment_Bruiser_Vertical,"Whenever a Bruiser dies, it permanently gains 55 Health. Gain a Darius and Alistar."
14,2-Gold,Reinforcing Skeleture,TFT14_Bruiser,TFT14_Augment_Bruiser_Vertical_HR,"Whenever a Bruiser dies, it permanently gains 70 Health. Gain a Darius and Alistar."
14,2-Gold,Self-Destruct,TFT14_BallisTek,TFT14_Augment_Boombots_SelfDestruct,"Before dying, BoomBots jump on the nearest enemy and deal 350 physical damage + 34% dealt by rockets to adjacent enemies. Gain a Kog'Maw and a Skarner."
14,2-Gold,Slayer Crest,TFT14_Strong,TFT14_Augment_SlayerCrest,Gain a Slayer emblem.
14,2-Gold,Spare Parts,TFT14_HotRod,TFT14_Augment_Nitro_SpareParts,Get a Nitro Hex Turret that has 33.0% of your total Chrome. Gain a Shyvana.
14,2-Gold,Speed Kills,TFT14_Swift,TFT14_Augment_Swift_Vertical,"Rapidfire champions start at 1 stacks and can go to 15. If you win combat within 18 seconds, gain 2 gold. Gain a Twisted Fate and a Kog'Maw."
14,2-Gold,Strategist Crest,TFT14_Controller,TFT14_Augment_StrategistCrest,Gain a Strategist Emblem.
14,2-Gold,Support Spire,TFT14_AnimaSquad,TFT14_Augment_AnimaSquad_SupportSpire,"After 10 seconds in combat, a support spire grants Anima Squad a Shield, Attack Speed, or Stuns all enemies. Gain 3 Anima Squad champions. [TFTUnitProperty.item:TFT14_Augment_AnimaSquad_SupportSpire_TRA]"
14,2-Gold,Syndicate Crest,TFT14_Mob,TFT14_Augment_MobCrest,Gain a Syndicate emblem.
14,2-Gold,Tagging Spree,TFT14_StreetDemon,TFT14_Augment_StreetDemon_TaggingSpree,Signature Street Demon hexes grant 5% Attack Speed. Gain 3 Street Demons and 2 Spray Can items that create signature Street Demon hexes.
14,2-Gold,Techie Crest,TFT14_Techie,TFT14_Augment_TechieCrest,Gain a Techie emblem.
14,2-Gold,The Chug Bug,TFT14_Divinicorp|TFT14_Bruiser,TFT14_Augment_GragasCarry,Gain 1 Gragas. Your strongest Gragas's attacks have a chance to knockback and deal bonus magic damage. His ability heals and empowers his next attack.
14,2-Gold,The Chug Bug+,TFT14_Divinicorp|TFT14_Bruiser,TFT14_Augment_GragasCarryPlus,Gain 2 Gragas. Your strongest Gragas's attacks have a chance to knockback and deal bonus magic damage. His ability heals and empowers his next attack.
14,2-Gold,Transference,TFT14_Supercharge,TFT14_Augment_Supercharge_Splash,"When A.M.P. champions die, the nearest A.M.P. champion gains 1 Amp until the end of combat. Gain a Naafiri and a Nidalee."
14,2-Gold,Transistor,TFT14_Armorclad,TFT14_Augment_Armorclad_Splash,"When Bastions' start of combat bonus ends, 50% of it converts into Attack Damage and Ability Power and they gain 50% Attack Speed. Gain an Illaoi and Jax."
14,2-Gold,Trial Run,TFT14_EdgeRunner,TFT14_Augment_Exotech_TrialRun,Gain an Exotech Golem with a copy of each of your Exotech items. Gain a Jhin and a&nbsp;Naafiri.
14,2-Gold,Vanguard Crest,TFT14_Vanguard,TFT14_Augment_VanguardCrest,Gain a Vanguard Emblem.
14,3-Prismatic,Anima Squad Circlet,TFT14_AnimaSquad,TFT14_Augment_AnimaSquadCirclet,Gain an Anima Squad Emblem and a Yuumi.
14,3-Prismatic,Anima Squad Crown,TFT14_AnimaSquad,TFT14_Augment_AnimaSquadCrown,"Gain an Anima Squad Emblem, an Adaptive Helm, and an Illaoi."
14,3-Prismatic,Bastion Circlet,TFT14_Armorclad,TFT14_Augment_BastionCirclet,"Gain a Bastion Emblem, a Sejuani, and a Giant's Belt."
14,3-Prismatic,Bastion Crown,TFT14_Armorclad,TFT14_Augment_BastionCrown,"Gain a Bastion Emblem, a Steadfast Heart, and an Illaoi."
14,3-Prismatic,Blue Battery III,,TFT14_Augment_BlackMarketBlueBattery,"Gain a Blue Buff. Your units gain 5 Ability Power. After casting their Ability, gain 5 Mana."
14,3-Prismatic,BoomBot Circlet,TFT14_BallisTek,TFT14_Augment_BoomBotsCirclet,Gain a BoomBot Emblem and a Fiddlesticks.
14,3-Prismatic,BoomBot Crown,TFT14_BallisTek,TFT14_Augment_BoomBotsCrown,"Gain a BoomBot Emblem, an Ionic Spark, and a Skarner."
14,3-Prismatic,Bruiser Circlet,TFT14_Bruiser,TFT14_Augment_BruiserCirclet,"Gain a Bruiser Emblem, a Gragas, and a Giant's Belt."
14,3-Prismatic,Bruiser Crown,TFT14_Bruiser,TFT14_Augment_BruiserCrown,"Gain a Bruiser Emblem, a Crownguard, and a Darius."
14,3-Prismatic,Cypher Crown,TFT14_Suits,TFT14_Augment_CypherCrown,"Gain a Cypher Emblem, a Giant Slayer, and a LeBlanc."
14,3-Prismatic,Divinicorp Circlet,TFT14_Divinicorp,TFT14_Augment_DivinicorpCirclet,Gain a Divinicorp Emblem and a Senna.
14,3-Prismatic,Divinicorp Crown,TFT14_Divinicorp,TFT14_Augment_DivinicorpCrown,"Gain a Divinicorp Emblem, a Spirit Visage, and a Rhaast."
14,3-Prismatic,Dynamo Circlet,TFT14_Thirsty,TFT14_Augment_DynamoCirclet,"Gain a Dynamo Emblem, a Miss Fortune, and a BF Sword."
14,3-Prismatic,Dynamo Crown,TFT14_Thirsty,TFT14_Augment_DynamoCrown,"Gain a Dynamo Emblem, a Spear of Shojin, and an Elise."
14,3-Prismatic,Executioner Circlet,TFT14_Cutter,TFT14_Augment_ExecutionerCirclet,"Gain an Executioner Emblem, a Vex, and a Sparring Gloves."
14,3-Prismatic,Executioner Crown,TFT14_Cutter,TFT14_Augment_ExecutionerCrown,"Gain an Executioner Emblem, a Guardbreaker, and a Graves."
14,3-Prismatic,Exotech Circlet,TFT14_EdgeRunner,TFT14_Augment_ExotechCirclet,Gain an Exotech Emblem and a Mordekaiser.
14,3-Prismatic,Exotech Crown,TFT14_EdgeRunner,TFT14_Augment_ExotechCrown,"Gain an Exotech Emblem, a Guinsoo's Rageblade, and a Naafiri."
14,3-Prismatic,Gargantuan Resolve,,TFT14_Augment_BlackMarketGargantuanResolve,Gain a Titan's Resolve and another after 2 player combats. Your Titan's Resolves can continue stacking to 50 instead of 25. The total resist bonus is increased by 80.0%.
14,3-Prismatic,Gargantuan Resolve,,TFT14_Augment_BlackMarketGargantuanResolvePlus,Gain a Titan's Resolve and another after 1 player combats. Your Titan's Resolves can continue stacking to 50 instead of 25. The total resist bonus is increased by 80.0%.
14,3-Prismatic,Golden Ox Circlet,TFT14_Immortal,TFT14_Augment_GoldenOxCirclet,Gain a Golden Ox Emblem and a Jarvan.
14,3-Prismatic,Golden Ox Crown,TFT14_Immortal,TFT14_Augment_GoldenOxCrown,"Gain a Golden Ox Emblem, a Nashor's Tooth, and a Graves."
14,3-Prismatic,Marksman Circlet,TFT14_Marksman,TFT14_Augment_MarksmanCirclet,"Gain a Marskman Emblem, an Aphelios, and a Recurve Bow."
14,3-Prismatic,Marksman Crown,TFT14_Marksman,TFT14_Augment_MarksmanCrown,"Gain a Marksman Emblem, an Infinity Edge, and a Jhin."
14,3-Prismatic,Rapidfire Circlet,TFT14_Swift,TFT14_Augment_RapidfireCirclet,"Gain a Rapidfire Emblem, a Zeri, and a BF Sword."
14,3-Prismatic,Rapidfire Crown,TFT14_Swift,TFT14_Augment_RapidfireCrown,"Gain a Rapidfire Emblem, a Giant Slayer, and a Twisted Fate."
14,3-Prismatic,Shock Treatment,,TFT14_Augment_BlackMarketShockTreatment,Gain a Statikk Shiv and another after 5 player combats. Your Statikk Shivs grant 10% more Attack Speed and their chain lightning effects deal 30.0-120.0% more damage (based on stage level).
14,3-Prismatic,Shock Treatment+,,TFT14_Augment_BlackMarketShockTreatmentPlus,Gain a Statikk Shiv and another after 3 player combats. Your Statikk Shivs grant 10% more Attack Speed and their chain lightning effects deal 40-125% more damage (based on stage level).
14,3-Prismatic,Slayer Circlet,TFT14_Strong,TFT14_Augment_SlayerCirclet,"Gain a Slayer Emblem, a Zed, and a Sparring Gloves."
14,3-Prismatic,Slayer Crown,TFT14_Strong,TFT14_Augment_SlayerCrown,"Gain a Slayer Emblem, a Hand of Justice, and a Vayne."
14,3-Prismatic,Strategist Circlet,TFT14_Controller,TFT14_Augment_StrategistCirclet,"Gain a Strategist Emblem, a Yuumi, and a Giant's Belt."
14,3-Prismatic,Strategist Crown,TFT14_Controller,TFT14_Augment_StrategistCrown,"Gain a Strategist Emblem, an Adaptive Helm, and an Ekko."
14,3-Prismatic,Street Demon Circlet,TFT14_StreetDemon,TFT14_Augment_StreetDemonCirclet,Gain a Street Demon Emblem and a Jinx.
14,3-Prismatic,Street Demon Crown,TFT14_StreetDemon,TFT14_Augment_StreetDemonCrown,"Gain a Street Demon Emblem, a Guardbreaker, and an Ekko."
14,3-Prismatic,Syndicate Circlet,TFT14_Mob,TFT14_Augment_SyndicateCirclet,Gain a Syndicate Emblem and a Braum.
14,3-Prismatic,Syndicate Crown,TFT14_Mob,TFT14_Augment_SyndicateCrown,"Gain a Syndicate Emblem, an Infinity Edge, and a Darius."
14,3-Prismatic,Techie Circlet,TFT14_Techie,TFT14_Augment_TechieCirclet,"Gain a Techie Emblem, a Brand, and a Tear of the Goddess."
14,3-Prismatic,Techie Crown,TFT14_Techie,TFT14_Augment_TechieCrown,"Gain a Techie Emblem, a Jeweled Gauntlet, and a Shyvana."
14,3-Prismatic,Vanguard Circlet,TFT14_Vanguard,TFT14_Augment_VanguardCirclet,"Gain a Vanguard Emblem, a Leona, and a Giant's Belt."
14,3-Prismatic,Vanguard Crown,TFT14_Vanguard,TFT14_Augment_VanguardCrown,"Gain a Vanguard Emblem, a Protector's Vow, and a Skarner."
14,?,Lifelong Learning,,TFT14_Augment_LifeLongLearningBlackMarket,"Your units gain 1% health every round. If they survive combat, they gain an additional 3 Ability Power and 2% Attack Damage."
14,?,Scoped Weapons II,,TFT14_Augment_BlackMarket_ScopedWeapons,Your units that start combat in the back 2 rows gain infinite Attack Range and 25% Attack Speed.
14,?,Spray Can,,TFT14_Consumable_Augment_TaggingSpree_SprayCan,Use on a champion to tag the hex below them turning it into a Street Demon hex. Cannot be used on a champion already on a Street Demon hex. Can only be used during planning phase.
14,?,Street Demon Crest,TFT14_StreetDemon,TFT14_Augment_StreetDemonCrest,Gain a Street Demon emblem.
14,?,TFT14_Augment_Mob_Splash_Name,TFT14_Mob,TFT14_Augment_Mob_Splash,TFT14_Augment_Mob_Splash_Description
14,?,Titanic Strength,,TFT14_Augment_BlackMarketTitanicStrength,Your team gains 1.2% of their max Health as Attack Damage and 1.2% of their max Health as Ability Power.
14,?,Unstable Evolution,,TFT14_Augment_BlackMarketUnstableEvolution,"Your champions randomly gain one of the following when they are starred up: 360 Health, 36% Attack Speed, 36% Attack Damage, or 36 Ability Power."
15,1-Silver,Nine Thousand Volts,,TFT15_Augment_KennenCarry,Gain a Kennen. Your strongest Kennen becomes a ranged Marksman. He throws piercing Shurikens that can stun and deal magic damage.
15,1-Silver,Perfect Form,,TFT15_Augment_ZacCarry,Gain a Zac. Your strongest Zac becomes a Specialist. He now bounces around the battlefield dealing damage in a one hex radius.
15,1-Silver,Schoolyard Justice,,TFT15_Augment_GarenCarry,"Gain a Garen. Your strongest Garen becomes a Fighter. He no longer Heals, but deals more damage and executes weak enemies."
15,1-Silver,Tectonic Titan,,TFT15_Augment_MalphiteCarry,"Gain a Malphite. Your strongest Malphite becomes a Fighter, gaining increased Attack Speed. He now charges at nearby enemies, knocking them up and dealing heavy damage."
15,2-Gold,Adaptive Style,TFT15_Duelist,TFT15_Augment_Duelist_AdaptiveStyle,"On attack, Duelists gain 1% Attack Damage and Ability Power, stacking up to 15 times. Duelist Tanks instead gain 2 Armor and Magic Resist. Gain a Kai'Sa and Kayle."
15,2-Gold,Bastion Crest,TFT15_Bastion,TFT15_Augment_BastionCrest,Gain a Bastion Emblem.
15,2-Gold,Battle Academia Crest,TFT15_BattleAcademia,TFT15_Augment_BattleAcademiaCrest,Gain a Battle Academia Emblem.
15,2-Gold,Burning Bright,,TFT15_Augment_UdyrCarry,"Gain an Udyr. Your strongest Udyr becomes an Attack Fighter and sends bouncing gusts of flame out with every attack. His spell no longer rapidly attacks, but instead grants him stacking Attack Speed."
15,2-Gold,Class President,TFT15_BattleAcademia,TFT15_Augment_BattleAcademia_ClassPresident,"Combat start: Powered Up Battle Academia champions and allies adjacent to one gain 70 Health, 7% AD, and 8% AP. Battle Academia units gain double. Gain a Katarina"
15,2-Gold,Crystal Gambit Crest,TFT15_GemForce,TFT15_Augment_CrystalRoseCrest,Gain a Crystal Gambit Emblem.
15,2-Gold,Dazzling Display,TFT15_Spellslinger,TFT15_Augment_Sorcerer_DazzlingDisplay,Enemies who take damage from Sorcerer Abilities deal 20% less damage for 6 seconds. Gain a Lux and a Lucian.
15,2-Gold,Deepening Shadows,TFT15_Empyrean,TFT15_Augment_Wraith_DeepeningShadows,"At combat start and whenever the Shadow Realm strikes, Wraith champions gain 5% Attack Damage and 6% Ability Power. Gain a Jhin and Zac."
15,2-Gold,Diamond Hands,TFT15_GemForce,TFT15_Augment_CrystalGambit_DiamondHands,"Gain 50% more total Gems from Crystal Gambit, but you can only cash out once, on 4-7. While Double Down is active, winning loses an additional 10% of your total Gems rather than cashing out."
15,2-Gold,Duelist Crest,TFT15_Duelist,TFT15_Augment_ChallengerCrest,Gain a Duelist Emblem.
15,2-Gold,Edgelord Crest,TFT15_Edgelord,TFT15_Augment_EdgelordCrest,Gain an Edgelord Emblem.
15,2-Gold,Escape Velocity,TFT15_TheCrew,TFT15_Augment_TheCrew_EscapeVelocity,"Gain 1 Velocity per reroll, and 10 when you level up. Crew units gain 0% Attack Speed for every 3 Velocity. (Velocity: [TFTUnitProperty.:TFT15_Augment_TheCrew_EscapeVelocity_Velocity])"
15,2-Gold,Executioner Crest,TFT15_Destroyer,TFT15_Augment_DestroyerCrest,Gain an Executioner Emblem.
15,2-Gold,Gain The Edge,TFT15_Edgelord,TFT15_Augment_Edgelord_GainTheEdge,Edgelords now gain up to 200% of their Attack Speed bonus the lower health their target is. Gain a Shen and Xayah.
15,2-Gold,Game Plan,TFT15_Strategist,TFT15_Augment_Strategist_GamePlan,"Mark 1 hex per Strategist fielded. Allies standing in marked hexes gain 150 Health and 10% Damage Amp, Strategists gain 100% more. Gain a Janna and Ziggs."
15,2-Gold,Give 'em the Chair!,,TFT15_Augment_DrMundoCarry,"Gain a Dr. Mundo. Your strongest Dr. Mundo becomes a Ranged Marksman. He now throws chairs that deal heavy damage, but cost Health."
15,2-Gold,Golden Guillotine,TFT15_Destroyer,TFT15_Augment_Executioner_GoldenGuillotine,"Executioner kills have a chance to drop loot, scaling with Critical Strike Chance. The value of the loot given can also critically strike, granting even more loot. Gain a Katarina and Kalista."
15,2-Gold,Grand Slam,TFT15_Luchador,TFT15_Augment_Luchador_GrandSlam,"Luchadors gain 10% Attack Speed. When Luchador is active, Luchadors leap into battle at combat start. Luchador leaps deal 300% of their Basic Attack Damage. Gain a Dr. Mundo."
15,2-Gold,Heavyweight Crest,TFT15_Heavyweight,TFT15_Augment_HeavyweightCrest,Gain a Heavyweight Emblem.
15,2-Gold,Hero 101,TFT15_BattleAcademia,TFT15_Augment_BattleAcademia_Hero101,"The first time you win 4 player combats (Wins: [TFTUnitProperty.:TFT15_Augment_BattleAcademia_Hero101_Wins]), all Battle Academia champions gain 100 Health and 15% reduced max Mana. Gain a Garen and Ezreal."
15,2-Gold,I'll Be The Arms,TFT15_SentaiRanger,TFT15_Augment_SentaiRanger_BeTheArms,"The Mighty Mech gains 45.0% Attack Speed. Field 7 Mighty Mech, reach level 10, and hold all 3 Mighty Mech Augments to activate MECHA-MERGE PROTOCOL."
15,2-Gold,I'll Be The Head,TFT15_SentaiRanger,TFT15_Augment_SentaiRanger_BeTheHead_Gold,The Mighty Mech gains 25% Attack Speed. Gain a Gangplank. Field 7 Mighty Mech with a total of 14 Star Levels and reach level 10 to activate MECHA-MERGE PROTOCOL.
15,2-Gold,I'll Be The Legs,TFT15_SentaiRanger,TFT15_Augment_SentaiRanger_BeTheLegs,"The Mighty Mech gains 10 Armor and Magic Resist and 100 Health. Gain 3 Mighty Mech champions. Field 7 Mighty Mech, reach level 10, and hold all 3 Mighty Mech Augments to activate MECHA-MERGE PROTOCOL."
15,2-Gold,Juggernaut Crest,TFT15_Juggernaut,TFT15_Augment_JuggernautCrest,Gain a Juggernaut Emblem.
15,2-Gold,Knuckledusters,,TFT15_Augment_ViCarry,Gain a Vi. Your strongest Vi becomes an Attack Fighter and has a chance to drop loot on kill. She now deals heavy single target damage and gains Attack Damage for item components equipped on your team.
15,2-Gold,Learn From The Best,TFT15_OldMentor,TFT15_Augment_Mentor_LearnFromTheBest,Whenever you star-up a champion they permanently gain 50% of every unique Mentor bonus of Mentors on your board or bench. Gain a Yasuo.
15,2-Gold,Luchador Crest,TFT15_Luchador,TFT15_Augment_RingKingCrest,Gain a Luchador Emblem.
15,2-Gold,Multi-Mech,TFT15_SentaiRanger,TFT15_Augment_MightyMech_MultiMech,"You no longer gain the Mighty Mech. Instead, all Mighty Mech champions gain 40% of the Health, Ability Power, and Attack Damage the Mech would have. Gain an Aatrox."
15,2-Gold,New Contenders,TFT15_SupremeCells,TFT15_Augment_SupremeCells_NewContenders,Grant 50% of Supreme Cell's bonus to all champions on your team. Any champion on your team can now become the Supreme Cell. Gain a Kai'Sa and Kennen.
15,2-Gold,Power Upload,TFT15_SentaiRanger,TFT15_Augment_MightyMech_PowerUpload,"You can give the Mighty Mech a Power Up. When it has Power Up the Mighty Mech gains 150 Health and 10% Damage Amp. Gain an Aatrox, a Senna, and a Power Remover."
15,2-Gold,Power of Friendship,TFT15_StarGuardian,TFT15_Augment_StarGuardian_PowerOfFriendship,"Star Guardians who start combat adjacent to at least one other Star Guardian gain 1 Mana Regeneration, 20 Armor, and 20 Magic Resist. Gain a Rell."
15,2-Gold,Precise Shot,TFT15_Sniper,TFT15_Augment_Sniper_PreciseShot,"Every 4 seconds, all Sniper champions fire a shot that deals 85.0% of their Basic Attack Damage to the lowest health enemy in range. Gain a Jhin."
15,2-Gold,Preemptive Protection,TFT15_Protector,TFT15_Augment_Protector_PreemptiveProtection,Combat start: Protectors shield themselves and their closest ally for 18% of their maximum health. Shields stack. Gain a Rakan.
15,2-Gold,Prodigy Crest,TFT15_Prodigy,TFT15_Augment_ProdigyCrest,Gain a Prodigy Emblem.
15,2-Gold,Protector Crest,TFT15_Protector,TFT15_Augment_ProtectorCrest,Gain a Protector Emblem.
15,2-Gold,Raid Boss,TFT15_Bastion,TFT15_Augment_Bastion_RaidBoss,"Your strongest Bastion champion gains 20% max Health. When other Bastions die, they transfer 20% of their Armor and Magic Resist to it. Gain a Shen and Rell."
15,2-Gold,Ring The Bell,TFT15_Heavyweight,TFT15_Augment_Heavyweight_RingTheBell,"After 15 seconds, your Heavyweight champions gain 30.0% max Health and 20% Damage Amp. Gain a Kobuko and a Zac."
15,2-Gold,Sniper Crest,TFT15_Sniper,TFT15_Augment_SniperCrest,Gain a Sniper Emblem.
15,2-Gold,Sorcerer Crest,TFT15_Spellslinger,TFT15_Augment_SpellslingerCrest,Gain an Sorcerer Emblem.
15,2-Gold,Soul Fighter Crest,TFT15_SoulFighter,TFT15_Augment_SoulFighterCrest,Gain a Soul Fighter Emblem.
15,2-Gold,Soul Surge,TFT15_SoulFighter,TFT15_Augment_SoulFighter_SoulSurge,"When they hit Max Power, Soul Fighters gain 45.0% Attack Speed and 10% Durability for 5 seconds."
15,2-Gold,Space Camp,TFT15_TheCrew,TFT15_Augment_TheCrew_SpaceCamp,"Whenever you upgrade a 1-cost Crew champion, gain a random 1-3 cost Crew champion. Gain a Malphite."
15,2-Gold,Star Guardian Crest,TFT15_StarGuardian,TFT15_Augment_StarGuardianCrest,Gain a Star Guardian Emblem.
15,2-Gold,Star Power,TFT15_StarGuardian,TFT15_Augment_StarGuardian_Superstar,Star Guardians with a Power Up grant 150% increased Star Guardian bonuses. Gain a Xayah.
15,2-Gold,Starfall,,TFT15_Augment_NeekoCarry,"Gain a Neeko. Your strongest Neeko becomes a Magic Fighter and gains increased Attack Speed. Her Ability deals more damage, and increases its radius with every cast."
15,2-Gold,Strategist Crest,TFT15_Strategist,TFT15_Augment_StrategistCrest,Gain a Strategist Emblem.
15,2-Gold,Supreme Cells Crest,TFT15_SupremeCells,TFT15_Augment_SupremeCellsCrest,Gain a Supreme Cells Emblem.
15,2-Gold,Teacher's Council,TFT15_OldMentor,TFT15_Augment_Mentor_TeachersCouncil,Mentor bonuses are granted to your team regardless of how many Mentors you play. Gain a Kobuko.
15,2-Gold,The Darkness Within,TFT15_Empyrean,TFT15_Augment_Wraith_ShadowHomunculous,The first 3 Wraith champions to die each combat summon a monstrosity from the Shadow Realm. Gain a Jhin and Zac.
15,2-Gold,The God's Eye Opens,TFT15_SoulFighter,TFT15_Augment_SoulFighter_TheGodsEyeOpens,Every 4 seconds the God's Eye grants a random Soul Fighter 200 shield and 11% stacking Attack Speed for the rest of combat. Gain a Kalista and Naafiri.
15,2-Gold,The Strongest Survive,TFT15_SupremeCells,TFT15_Augment_SupremeCells_AllForOne,"Whenever an ally dies, they grant the Supreme Cell with the most damage this round 7% of their maximum health. Gain a Kai'Sa and Kennen."
15,2-Gold,Tiny Team,TFT15_StarGuardian,TFT15_Augment_StarGuardian_TinyTeam,"When you field 3 or less Star Guardians, increase Star Guardian bonuses by an additional 100%. Gain a Syndra and Rell."
15,2-Gold,Tournament Favorites,TFT15_SoulFighter,TFT15_Augment_SoulFighter_TournamentFavorites,Soul Fighters gain Fame when they deal damage. Each Fame breakpoint grants loot. Gain a Naafiri and Kalista. Fame: [TFTUnitProperty.:TFT15_Augment_SoulFighter_TournamentFavorites_Damage]/[TFTUnitProperty.:TFT15_Augment_SoulFighter_TournamentFavorites_Breakpoint]
15,2-Gold,Tournament Titans,TFT15_Luchador,TFT15_Augment_Luchador_TournamentTitans,"Luchadors gain 5% Attack Speed. Whenever you win player combats, Luchadors grow in size and permanently gain 2% Attack Damage and 20 Health. Gain a Dr Mundo and Gnar. (Total: [TFTUnitProperty.:TFT15_Augment_Luchador_TournamentTitan_AD]% AD; [TFTUnitProperty.:TFT15_Augment_Luchador_TournamentTitan_Health] Health)"
15,2-Gold,Transfer Students,TFT15_BattleAcademia,TFT15_Augment_BattleAcademia_TransferStudents,"At the start of every stage and after every carousel round, gain 2 random 1-3 cost Battle Academia champions. Gain an Ezreal."
15,2-Gold,Twilight Assault,,TFT15_Augment_ShenCarry,Gain a Shen. Your strongest Shen becomes a ranged Marksman gaining +3 Range. His ability no longer shields but instead deals additional damage.
15,2-Gold,Unbound Arcana,TFT15_Prodigy,TFT15_Augment_Prodigy_UnboundArcana,"Every 2 seconds, Prodigies gain Ability Power equal to 50% of their Mana Regeneration (rounded down)."
15,2-Gold,Unceasing,TFT15_Juggernaut,TFT15_Augment_Juggernaut_Indomitable,"Whenever an ally Juggernaut dies, all other Juggernauts gain a 10% max Health shield for 5 seconds and gain 1% more Durability. Gain an Aatrox and Dr. Mundo."
15,2-Gold,Wraith Crest,TFT15_Empyrean,TFT15_Augment_EmpyreanCrest,Gain a Wraith Emblem.
15,3-Prismatic,Bastion Circlet,TFT15_Bastion,TFT15_Augment_BastionCirclet,"Gain a Bastion Emblem, a Giant's Belt, and a Leona."
15,3-Prismatic,Bastion Crown,TFT15_Bastion,TFT15_Augment_BastionCrown,"Gain a Bastion Emblem, a Crownguard, and a Swain."
15,3-Prismatic,Battle Academia Circlet,TFT15_BattleAcademia,TFT15_Augment_BattleAcademiaCirclet,Gain a Battle Academia Emblem and a Rakan.
15,3-Prismatic,Battle Academia Crown,TFT15_BattleAcademia,TFT15_Augment_BattleAcademiaCrown,"Gain a Battle Academia Emblem, a Spirit Visage, and a Garen."
15,3-Prismatic,Crystal Gambit Circlet,TFT15_GemForce,TFT15_Augment_CrystalRoseCirclet,Gain a Crystal Gambit Emblem and a Janna.
15,3-Prismatic,Crystal Gambit Crown,TFT15_GemForce,TFT15_Augment_CrystalRoseCrown,"Gain a Crystal Gambit Emblem, an Adaptive Helm, and a Janna."
15,3-Prismatic,Duelist Circlet,TFT15_Duelist,TFT15_Augment_ChallengerCirclet,"Gain a Duelist Emblem, an Ashe, and a BF Sword."
15,3-Prismatic,Duelist Crown,TFT15_Duelist,TFT15_Augment_ChallengerCrown,"Gain a Duelist Emblem, a Kraken's Fury, and a Gangplank."
15,3-Prismatic,Edgelord Circlet,TFT15_Edgelord,TFT15_Augment_EdgelordCirclet,"Gain an Edgelord Emblem, a Samira, and a Recurve Bow."
15,3-Prismatic,Edgelord Crown,TFT15_Edgelord,TFT15_Augment_EdgelordCrown,"Gain an Edgelord Emblem, a Hand of Justice, and a Yasuo."
15,3-Prismatic,Executioner Circlet,TFT15_Destroyer,TFT15_Augment_DestroyerCirclet,"Gain an Executioner Emblem, an Akali, and a Sparring Gloves."
15,3-Prismatic,Executioner Crown,TFT15_Destroyer,TFT15_Augment_DestroyerCrown,"Gain a Executioner Emblem, a Striker's Flail, and a Katarina."
15,3-Prismatic,Heavyweight Circlet,TFT15_Heavyweight,TFT15_Augment_HeavyweightCirclet,"Gain a Heavyweight Emblem, a Poppy, and a Giant's Belt."
15,3-Prismatic,Heavyweight Crown,TFT15_Heavyweight,TFT15_Augment_HeavyweightCrown,"Gain a Heavyweight Emblem, a Spirit Visage, and a Kobuko."
15,3-Prismatic,I'll Be The Head,TFT15_SentaiRanger,TFT15_Augment_SentaiRanger_BeTheHead,The Mighty Mech gains 45.0% Attack Speed. Gain a 3 Mighty Mech Champions. Field 7 Mighty Mech with a total of 14 Star Levels and reach level 10 to activate MECHA-MERGE PROTOCOL.
15,3-Prismatic,Juggernaut Circlet,TFT15_Juggernaut,TFT15_Augment_JuggernautCirclet,"Gain a Juggernaut Emblem, an Udyr, and a Giant's Belt."
15,3-Prismatic,Juggernaut Crown,TFT15_Juggernaut,TFT15_Augment_JuggernautCrown,"Get a Juggernaut Emblem, a Spirit Visage, and a Dr. Mundo."
15,3-Prismatic,Luchador Circlet,TFT15_Luchador,TFT15_Augment_RingKingCirclet,Gain a Luchador Emblem and a Dr Mundo.
15,3-Prismatic,Luchador Crown,TFT15_Luchador,TFT15_Augment_RingKingCrown,"Gain a Luchador Emblem, a Sterak's Gage, and a Dr Mundo."
15,3-Prismatic,Prodigy Circlet,TFT15_Prodigy,TFT15_Augment_ProdigyCirclet,"Gain a Prodigy Emblem, a Malzahar, and a Needlessly Large Rod."
15,3-Prismatic,Prodigy Crown,TFT15_Prodigy,TFT15_Augment_ProdigyCrown,"Gain a Prodigy Emblem, a Spear of Shojin, and an Ezreal."
15,3-Prismatic,Protector Circlet,TFT15_Protector,TFT15_Augment_ProtectorCirclet,"Gain a Protector Emblem, a Neeko, and a Giant's Belt."
15,3-Prismatic,Protector Crown,TFT15_Protector,TFT15_Augment_ProtectorCrown,"Gain a Protector Emblem, a Protector's Vow, and a Neeko."
15,3-Prismatic,Sniper Circlet,TFT15_Sniper,TFT15_Augment_SniperCirclet,"Gain a Sniper Emblem, a Jinx, and a Recurve Bow."
15,3-Prismatic,Sniper Crown,TFT15_Sniper,TFT15_Augment_SniperCrown,"Gain a Sniper Emblem, an Infinity Edge, and a Caitlyn."
15,3-Prismatic,Sorcerer Circlet,TFT15_Spellslinger,TFT15_Augment_SpellslingerCirclet,"Gain an Sorcerer Emblem, a Karma, and a Tear of the Goddess."
15,3-Prismatic,Sorcerer Crown,TFT15_Spellslinger,TFT15_Augment_SpellslingerCrown,"Gain a Sorcerer Emblem, a Jeweled Gauntlet, and an Ahri."
15,3-Prismatic,Soul Fighter Circlet,TFT15_SoulFighter,TFT15_Augment_SoulFighterCirclet,Gain a Soul Fighter Emblem and a Kalista.
15,3-Prismatic,Soul Fighter Crown,TFT15_SoulFighter,TFT15_Augment_SoulFighterCrown,"Gain a Soul Fighter Emblem, a Spear of Shojin, and a Kalista."
15,3-Prismatic,Star Guardian Circlet,TFT15_StarGuardian,TFT15_Augment_StarGuardianCirclet,Gain a Star Guardian Emblem and a Rell.
15,3-Prismatic,Star Guardian Crown,TFT15_StarGuardian,TFT15_Augment_StarGuardianCrown,"Gain a Star Guardian Emblem, a Steadfast Heart, and a Rell."
15,3-Prismatic,Strategist Circlet,TFT15_Strategist,TFT15_Augment_StrategistCirclet,"Gain a Strategist Emblem, a Ziggs, and a Tear of the Goddess."
15,3-Prismatic,Strategist Crown,TFT15_Strategist,TFT15_Augment_StrategistCrown,"Gain a Strategist Emblem, a Janna, and an Adaptive Helm."
15,3-Prismatic,Supreme Cells Circlet,TFT15_SupremeCells,TFT15_Augment_SupremeCellsCirclet,Gain a Supreme Cells Emblem and an Akali.
15,3-Prismatic,Supreme Cells Crown,TFT15_SupremeCells,TFT15_Augment_SupremeCellsCrown,"Gain a Supreme Cells Emblem, a Last Whisper, and a Kai'sa."
15,3-Prismatic,Wraith Circlet,TFT15_Empyrean,TFT15_Augment_EmpyreanCirclet,Gain a Wraith Emblem and a K'Sante.
15,3-Prismatic,Wraith Crown,TFT15_Empyrean,TFT15_Augment_EmpyreanCrown,"Gain a Wraith Emblem, a Hextech Gunblade, and a Malzahar."
15,?,Mighty Mech Circlet,TFT15_SentaiRanger,TFT15_Augment_SentaiCirclet,Gain a Mighty Mech Crest and a Lucian
15,?,Mighty Mech Crest,TFT15_SentaiRanger,TFT15_Augment_SentaiCrest,Gain a Mighty Mech Crest.
15,?,Mighty Mech Crown,TFT15_SentaiRanger,TFT15_Augment_SentaiCrown,"Gain a Mighty Mech Emblem, a Kraken's Fury, and a Lucian."
16,1-Silver,Air Axiom,,TFT16_Augment_AirAxiom,Gain an Air Hex. Champions within gain 25% Attack Speed and their damage 30.0% Sunders enemies for 5 seconds.
16,1-Silver,Artillery Barrage,TFT16_Yordle|TFT16_Defender,TFT16_Augment_RumbleCarry,"Gain a Rumble. Your strongest Rumble gains +7 Range and constantly fires missiles at enemies, increased with Attack Speed."
16,1-Silver,Earth Axiom,,TFT16_Augment_EarthAxiom,"Gain an Earth Hex. Champions within gain 40 Armor and Magic Resist. At 50% Health, they Stun enemies within 2 hexes for 2 seconds."
16,1-Silver,Fire Axiom,,TFT16_Augment_FireAxiom,Gain a Fire Hex. Champions within gain 15% Attack Damage and Ability Power. Their damage 0% Burns and 33.0% Wounds for 6 seconds.
16,1-Silver,Hammer of Orlon,TFT16_Demacia|TFT16_Yordle|TFT16_Juggernaut,TFT16_Augment_PoppyCarry,Gain an Illaoi. Your strongest Illaoi becomes a Fighter. Her Ability is replaced with an airborne slam that's recast when she kills her target.
16,1-Silver,Leap of Faith,TFT16_Bilgewater|TFT16_Brawler,TFT16_Augment_IllaoiCarry,Gain an Illaoi. Your strongest Illaoi becomes a Fighter. Her Ability is replaced with an airborne slam that's recast when she kills her target.
16,1-Silver,Rocket Fist,TFT16_Zaun|TFT16_Juggernaut,TFT16_Augment_BlitzcrankCarry,Gain a Blitzcrank. Your strongest one becomes an Attack Fighter. His Ability no longer shields but instead fires a hook towards the furthest enemy and gains powerful punches for a set amount of attacks.
16,1-Silver,Shadow Dash,TFT16_Ionia|TFT16_Brawler,TFT16_Augment_ShenCarry,Gain a Shen. Your strongest Shen becomes an Attack Fighter. His Ability is replaced with a dash that strikes low Health enemies. The number of dashes increases with each cast.
16,1-Silver,Trials of Twilight,TFT16_Ionia|TFT16_Demacia|TFT16_Warden,TFT16_Augment_XinZhaoCarry,"Gain 2 Xin Zhao. Your strongest Xin Zhao constantly strikes nearby enemies and executes enemies. After 2 player combats as a 3-star, unlock Zaahen. He replaces Xin Zhao and takes his items."
16,1-Silver,Trials of Twilight II,TFT16_Ionia|TFT16_Demacia|TFT16_Warden,TFT16_Augment_XinZhaoCarryII,"Gain 1 Xin Zhao and a Bloodthirster. Xin Zhao becomes an Attack Fighter. After 2 player combats as a 3-star, unlock Zaahen. At the start of the next 2 stages, gain a Lesser Champion Duplicator."
16,1-Silver,Vorpal Spikes,TFT16_Void|TFT16_Juggernaut,TFT16_Augment_ChoGathCarry,Gain a Cho'Gath. Your strongest Cho'Gath gains +1 Attack Range and his attacks launch spikes that deal magic damage based on his max Health.
16,1-Silver,Water Axiom,,TFT16_Augment_WaterAxiom,Gain a Water Hex. Champions within gain 3 Mana Regen. Their damage 30.0% Shreds enemies for 5 seconds.
16,1-Silver,Wood Axiom,,TFT16_Augment_WoodAxiom,"Gain a Wood Hex. Champions within gain 15% max Health. After combat, they permanently gain 55 Health."
16,2-Gold,Bandle Bounty I,TFT16_Yordle,TFT16_Augment_BandleBounty,Reach level 10 and field 10 unique Yordles to reveal the Bandle Path's secret. Gain a Lulu and a Rumble.
16,2-Gold,Bandle Bounty II,TFT16_Yordle,TFT16_Augment_BandleBountyPlus,"For every Yordle you've unlocked or unlock, gain 2 gold. Reach level 10 and field 10 unique Yordles to reveal the Bandle Path's secret. Gain a Tristana and Teemo."
16,2-Gold,Bringer of Ruin,TFT16_Noxus,TFT16_Augment_Noxus_BringerOfRuin,Every takedown Atakhan scores permanently grants him 1% Ability Power and 30 max Health. Gain a Briar and a Sion. (Current Takedowns: [TFTUnitProperty.trait:TFT16_Augment_Noxus_BringerOfRuin_Takedowns])
16,2-Gold,Chaos Magic,TFT16_Sorcerer,TFT16_Augment_Arcanist_ChaosMagic,"Arcanists gain 1 Mana Regen. After every 150 Mana they spend, a magical effect hits the board. Gain a Neeko and an Ahri."
16,2-Gold,Cosmic Calling,,TFT16_Augment_Targon_CosmicCalling,"Gain a Spear of Shojin and a Leona. On Stage 3-7, gain a Taric."
16,2-Gold,Darkwill's Invasion,TFT16_Noxus,TFT16_Augment_NoxianInvasion,"Your team gains 10% Damage Amp, increased to 15% if the Noxus trait is active."
16,2-Gold,Defense of the Placidium,TFT16_Ionia,TFT16_Augment_DefenseOfIonia,"Your team gains 7% Durability, increased to 11% if the Ionia trait is active."
16,2-Gold,Demacia Forever,TFT16_Demacia,TFT16_Augment_DemaciaForever,"Demacians gain 3 permanent Health every time they rally. They also gain 1.5% permanent Attack Damage and Ability Power every 3 rallies. Gain a Jarvan IV, a Sona, and a Xin Zhao."
16,2-Gold,Evolve and Overcome,TFT16_Void,TFT16_Augment_Void_EvolveAndOvercome,"For every 6 champions that Mutated Void allies takedown, gain 2 XP. Gain a Cho'Gath and a 2-star Kog'Maw. [TFTUnitProperty.item:TFT_Augment_EvolveAndOvercome_Tooltip] Void provides unique Mutations."
16,2-Gold,Guile,,TFT16_Augment_TenetGuile,The first 2&nbsp;champions that die each combat spawn copies of your strongest champion. Copies have 60.0% max&nbsp;Health and deal 50%&nbsp;damage.
16,2-Gold,Hexgate Travel,TFT16_Piltover,TFT16_Augment_Piltover_HexgateTravel,"When the Piltover invention triggers for the first time each combat, gain a random number of Piltover champions that cost between 1 and 3 gold. Gain a Caitlyn and a Vi."
16,2-Gold,Ixtal Expeditionist,TFT16_Explorer,TFT16_Augment_Ixtal_Expeditionist,"Gain a Qiyana, a Neeko, and a Milio. Increase your current and max player Health by 10."
16,2-Gold,Joint Album,,TFT16_TeamupAugment_SeraphineSona,Gain a Seraphine. Seraphine's heal is increased based on her ally's missing Health. Sona gains the Disruptor trait and fires an additional bolt with every cast. Gain a Sona after each player combat.
16,2-Gold,Keep Away,TFT16_Longshot,TFT16_Augment_Longshot_KeepAway,"Longshots gain 20% Attack Speed. If they cast while their target is within 2 hexes, the target is knocked back 2 hexes (cooldown: 1s). Gain a Caitlyn and a Kog'Maw."
16,2-Gold,Lifting Competition,TFT16_Brawler,TFT16_Augment_Weightlifting,"At the start of each round, if the combined Health of all your unique Bruisers is high enough, gain a reward and increase the threshold (up to four times). Gain a Shen and a Sion. [TFTUnitProperty.item:TFT16_Augment_Weightlifting_RewardName][TFTUnitProperty.item:TFT16_Augment_Weightlifting_CurrentHealth] / [TFTUnitProperty.item:TFT16_Augment_Weightlifting_MaxHealth]"
16,2-Gold,Might,,TFT16_Augment_TenetMight,Your team gains 5% Attack Damage and 60 Health. Gain an additional 1% Attack Damage and 20 Health per unique defeated or eliminated Tactician&nbsp;([TFTUnitProperty.trait:TFT16_Augment_TenetMight_DefeatedOpponents]/7).
16,2-Gold,Poison Pals,,TFT16_TeamupAugment_SingedTeemo,"Gain a 2-star Teemo. Singed's damage refreshes Teemo's poisons, and every 100 magic damage Teemo deals grants your strongest Singed 2% Ability Power. Gain a Teemo after each player combat."
16,2-Gold,Sentinels of Light,TFT16_Demacia|TFT16_Longshot|TFT16_Gunslinger,TFT16_TeamupAugment_LucianVayne,"Gain a Lucian & Senna and a 2-star Vayne. Vayne fires additional bolts at enemies afflicted with Black Mist and on takedown, grants Attack Speed to Lucian & Senna."
16,2-Gold,Silco's Revenge,TFT16_Zaun,TFT16_Augment_Zaun_SilcosRevenge,"Zaunites explode into Shimmer on death, dealing 30.0% of their max Health to 2 nearby enemies as magic damage. Gain a Blitzcrank, an Ekko, and a Vi."
16,2-Gold,The Ruined King,TFT16_ShadowIsles|TFT16_Rapidfire,TFT16_Augment_ShadowIsles_RuinedKing,"Gain a 2-star Viego. Your strongest Viego shares 30.0% of his Passive with other Shadow Isles allies. After collecting 100 souls, his Ability upgrades."
16,2-Gold,Timewinders,TFT16_Zaun,TFT16_TeamupAugment_EkkoZilean,"Gain 2 Ekkos. Gain 2XP every combat Ekko participates in. Gain an Ekko every time you level up. At 3-Star, gain a Zilean. Ekko's empowered attacks echo to all enemies being damaged by Zilean's spell, dealing 10% of the original damage."
16,2-Gold,U.R.F,,TFT16_Augment_UltraRapidFire,Gain a Spatula. Champions holding Spatula or Frying Pan items gain 20% Attack Speed and 3 Mana Regen.
16,2-Gold,Unsealed From Steel,,TFT16_Augment_TheDarkinForge,Choose 1 of 4 Darkin Weapons. Darkin Weapons are Artifacts that grant the Darkin trait.
16,2-Gold,Vision,,TFT16_Augment_TenetVision,"You will be offered Might and Guile augments this game. When you reach Level&nbsp;9, gain a random 5-cost champion, a completed item anvil, and a Champion Duplicator. Collecting all 3 Tenet augments grants a powerful reward."
16,2-Gold,Walk The True Path I,TFT16_Ionia,TFT16_Augment_WalkTheTruePath,Gain a Lesser Champion Duplicator and a Yasuo. Reach level 10 and field 10 unique Ionians to unlock a Prismatic Upgrade.
16,2-Gold,Wild Growth,TFT16_Yordle,TFT16_Augment_Yordle_WildGrowth,"3-star Yordles become massive, moving slower but gaining 15% Health and 35% Attack Damage and Ability Power. Gain a Rumble and Lulu."
16,3-Prismatic,Chosen Wolves,TFT16_Vanquisher|TFT16_Rapidfire|TFT16_Noxus|TFT16_KindredUnique,TFT16_TeamupAugment_AmbessaKindred,"Gain an Ambessa and a Kindred. When Kindred casts, Ambessa always gains their protection against death and gains Attack Damage while protected. When Ambessa casts, Wolf strikes all enemies hit, dealing reduced damage."
16,3-Prismatic,Dragonguards,TFT16_Demacia|TFT16_Juggernaut|TFT16_Defender,TFT16_TeamupAugment_JarvanShyvana,"Gain a Shyvana and a 2-star Jarvan IV. When Jarvan casts, Shyvana gains Shield. When Shyvana casts, Jarvan jumps in and deals damage based on his Armor and Magic Resist. After every player combat, gain a Jarvan IV."
16,3-Prismatic,Secrets of the Sands,,TFT16_Augment_Shurima_SecretsOfTheSands,"Gain 10 gold. Gain an Azir on Stage 3-5. Each time you unlock a Shuriman, gain an ideal item for them."
16,3-Prismatic,The Axiomata,,TFT16_Augment_TheAxiomata,Gain 3 random elemental hex augments. Future augment rounds instead grant you items and gold based on the augment's tier.
16,3-Prismatic,The World Runes,,TFT16_Augment_TheWorldRunes,"Gain 2 Emblems from random Region traits. Gain 2 XP every player combat, increased to 6 XP if 4 or more Region traits are active."
16,3-Prismatic,Time UNdilator,,TFT16_CarouselOfChaosAugment_TimeUndilator,"Gain a Time Undilator, a dangerous bomb that destroys ALL units in an X-pattern at the start of combat. Also, something is terribly wrong with your shop..."
16,3-Prismatic,Walk The True Path II,TFT16_Ionia,TFT16_Augment_WalkTheTruePathPlus,"Gain 2 Lesser Champion Duplicators, a Yasuo, and a B.F. Sword. Reach level 10 and field 10 unique Ionians to unlock a Prismatic Upgrade."
16,?,Arcanist Circlet,TFT16_Sorcerer,TFT16_Augment_ArcanistCirclet,"Get an Arcanist Emblem, a Tear of the Goddess, and a Lux."
16,?,Arcanist Crest,TFT16_Sorcerer,TFT16_Augment_ArcanistCrest,Get an Arcanist Emblem.
16,?,Arcanist Crown,TFT16_Sorcerer,TFT16_Augment_ArcanistCrown,"Get an Arcanist Emblem, an Ahri, and a Jeweled Gauntlet."
16,?,Artifact Expert: Blighting Jewel,,TFT16_Augment_ArtifactExpert_BlightingJewel,"Get a Teemo, a Blighting Jewel, and a Needlessly Large Rod"
16,?,Artifact Expert: Dawncore,,TFT16_Augment_ArtifactExpert_Dawncore,"Get a Teemo, a Dawncore, and a Tear Of The Goddess"
16,?,Artifact Expert: Deathfire Grasp,,TFT16_Augment_ArtifactExpert_DeathfireGrasp,"Get a 2* Kog'Maw, a Deathfire Grasp, and a Recurve Bow"
16,?,Artifact Expert: Fishbones,,TFT16_Augment_ArtifactExpert_Fishbones,"Get a 2* Ashe, a Fishbones, and a Sparring Gloves"
16,?,Artifact Expert: Flickerblade,,TFT16_Augment_ArtifactExpert_NavoriFlickerblades,"Get an Aphelios, a Flickerblade, and a Recurve Bow"
16,?,Artifact Expert: Horizon Focus,,TFT16_Augment_ArtifactExpert_HorizonFocus,"Get a Cho'Gath, a Horizon Focus, and a Needlessly Large Rod"
16,?,Artifact Expert: Hullbreaker,,TFT16_Augment_ArtifactExpert_Hullbreaker,"Get a 2* Xin Zhao, a Hullbreaker, and a Chain Vest"
16,?,Artifact Expert: Innervating Locket,,TFT16_Augment_ArtifactExpert_InnvervatingLocket,"Get a 2* Illaoi, a Innervating Locket, and a Giant Belt"
16,?,Artifact Expert: Lich Bane,,TFT16_Augment_ArtifactExpert_LichBane,"Get a 2* Sona , a Lich Bane, and a Tear Of The Goddess"
16,?,Artifact Expert: Lightshield Crest,,TFT16_Augment_ArtifactExpert_LightshieldCrest,"Get a 2* Neeko, a Lightshield Crest, and a Chain Vest"
16,?,Artifact Expert: Luden's Tempest,,TFT16_Augment_ArtifactExpert_LudensTempest,"Get a 2* Caitlyn , a Luden's Tempest, and a Recurve Bow"
16,?,Artifact Expert: Manazane,,TFT16_Augment_ArtifactExpert_Manazane,"Get a 2* Anivia, a Manazane , and a Tear Of The Goddess"
16,?,Artifact Expert: Prowler's Claw,,TFT16_Augment_ArtifactExpert_ProwlersClaw,"Get a 2* RekSai, a Prowler's Claw, and a Sparring Gloves"
16,?,Artifact Expert: Seeker's Armguard,,TFT16_Augment_ArtifactExpert_SeekersArmguard,"Get a 2* Ekko, a Seeker's Armguard, and a Needlessly Large Rod"
16,?,Artifact Expert: Sniper's Focus,,TFT16_Augment_ArtifactExpert_SnipersFocus,"Get a 2* Tristana , a Sniper's Focus, and a B.F. Sword"
16,?,Artifact Expert: Spectral Cutlass,,TFT16_Augment_ArtifactExpert_SpectralCutlass,"Get a 2* Yasuo, a Spectral Cutlass, and a Sparring Gloves"
16,?,Artifact Expert: Talisman Of Ascension,,TFT16_Augment_ArtifactExpert_TalismanOfAscension,"Get a 2* Zac, a Talisman Of Ascension, and a Giant Belt"
16,?,Artifact Expert: The Indomitable,,TFT16_Augment_ArtifactExpert_IndomitableGauntlet,"Get a Sion, The Indomitable, and a Giant Belt."
16,?,Artifact Expert: Titanic Hydra,,TFT16_Augment_ArtifactExpert_TitanicHydra,"Get a 2* Briar, a Titanic Hydra , and a B.F. Sword"
16,?,Artifact Expert: Unending Despair,,TFT16_Augment_ArtifactExpert_UnendingDespair,"Get a 2* Rumble, a Unending Despair, and a Negatron Cloak"
16,?,Artifact Expert: Wits End,,TFT16_Augment_ArtifactExpert_WitsEnd,"Get a 2* Viego, a Wits End, and a Needlessly Large Rod"
16,?,Artifact Expert: Zhonya's Paradox,,TFT16_Augment_ArtifactExpert_ZhonyasParadox,"Get a 2* Milio, a Zhonya's Paradox, and a Negatron Cloak"
16,?,Bilgewater Circlet,TFT16_Bilgewater,TFT16_Augment_BilgewaterCirclet,"Get a Bilgewater Emblem, a Miss Fortune, and a Recurve Bow."
16,?,Bilgewater Crest,TFT16_Bilgewater,TFT16_Augment_BilgewaterCrest,Get a Bilgewater Emblem.
16,?,Bilgewater Crown,TFT16_Bilgewater,TFT16_Augment_BilgewaterCrown,"Get a Bilgewater Emblem, a Twisted Fate, and a Guinsoo's Rageblade."
16,?,Bruiser Circlet,TFT16_Brawler,TFT16_Augment_BrawlerCirclet,Get a Bruiser Emblem and a Wukong.
16,?,Bruiser Crest,TFT16_Brawler,TFT16_Augment_BrawlerCrest,Get a Bruiser Emblem.
16,?,Bruiser Crown,TFT16_Brawler,TFT16_Augment_BrawlerCrown,"Get a Bruiser Emblem, a Sion, and a Spirit Visage."
16,?,Climb the Mountain,TFT16_Targon,TFT16_Augment_Targon_ClimbtheMountain,Your Targonians gain 50 max Health and 5% Attack Damage and Ability Power for every Targonian fielded. Gain an Aphelios.
16,?,Complete Collection,,TFT16_Augment_CompleteCollection,"After you unlock 3 champions from an origin, gain that origin's Emblem."
16,?,Defender Circlet,TFT16_Defender,TFT16_Augment_DefenderCirclet,"Get a Defender Emblem, a Garen, and a Chain Vest."
16,?,Defender Crest,TFT16_Defender,TFT16_Augment_DefenderCrest,Get a Defender Emblem.
16,?,Defender Crown,TFT16_Defender,TFT16_Augment_DefenderCrown,"Get a Defender Emblem, a Neeko, and a Steadfast Heart."
16,?,Demacia Circlet,TFT16_Demacia,TFT16_Augment_DemaciaCirclet,"Get a Demacia Emblem, a Garen, and a Needlessly Large Rod."
16,?,Demacia Crest,TFT16_Demacia,TFT16_Augment_DemaciaCrest,Get a Demacia Emblem.
16,?,Demacia Crown,TFT16_Demacia,TFT16_Augment_DemaciaCrown,"Get a Demacia Emblem, a Crownguard, and a Jarvan IV."
16,?,Demacia-Noxus War,TFT16_Demacia|TFT16_Noxus,TFT16_Augment_DemaciaVsNoxus,[TFTUnitProperty.item:TFT16_Augment_DemaciaVsNoxus_DescriptionTRA]
16,?,Disruptor Circlet,TFT16_Magus,TFT16_Augment_DisruptorCirclet,"Get a Disruptor Emblem, a Seraphine, and a Tear of the Goddess."
16,?,Disruptor Crest,TFT16_Magus,TFT16_Augment_DisruptorCrest,Get a DIsruptor Emblem.
16,?,Disruptor Crown,TFT16_Magus,TFT16_Augment_DisruptorCrown,"Get a Disruptor Emblem, a Malzahar, and a Blue Buff."
16,?,Freljord Circlet,TFT16_Freljord,TFT16_Augment_FreljordCirclet,"Get a Freljord Emblem, a Lissandra, and a Needlessly Large Rod."
16,?,Freljord Crest,TFT16_Freljord,TFT16_Augment_FreljordCrest,Get a Freljord Emblem.
16,?,Freljord Crown,TFT16_Freljord,TFT16_Augment_FreljordCrown,"Get a Freljord Emblem, a Hextech Gunblade, and an Anivia."
16,?,Gunslinger Circlet,TFT16_Gunslinger,TFT16_Augment_GunslingerCirclet,"Get a Gunslinger Emblem, a Miss Fortune, and a Recurve Bow."
16,?,Gunslinger Crest,TFT16_Gunslinger,TFT16_Augment_GunslingerCrest,Get a Gunslinger Emblem.
16,?,Gunslinger Crown,TFT16_Gunslinger,TFT16_Augment_GunslingerCrown,"Get a Gunslinger Emblem, a Tristana, and an Infinity Edge."
16,?,Hero of the Placidium,TFT16_Ionia,TFT16_Augment_HeroOfThePlacidium,"Strike enemies with telekinetic blades during combat, dealing damage and 30% Shredding and Sundering. Blade damage increases based on your total star level of Ionian champions."
16,?,Invoker Circlet,TFT16_Invoker,TFT16_Augment_InvokerCirclet,"Get an InvokerEmblem, a Lissandra, and a Needlessly Large Rod."
16,?,Invoker Crest,TFT16_Invoker,TFT16_Augment_InvokerCrest,"Get an Invoker Emblem,"
16,?,Invoker Crown,TFT16_Invoker,TFT16_Augment_InvokerCrown,"Get an Invoker Emblem, a Milio, and an Archangel's Staff."
16,?,Ionia Circlet,TFT16_Ionia,TFT16_Augment_IoniaCirclet,"Get an Ionia Emblem, a Yunara, and a B.F. Sword."
16,?,Ionia Crest,TFT16_Ionia,TFT16_Augment_IoniaCrest,Get an Ionia Emblem.
16,?,Ionia Crown,TFT16_Ionia,TFT16_Augment_IoniaCrown,"Get an Ionia Emblem, a Yasuo, and a Deathblade."
16,?,Ixtal Circlet,TFT16_Explorer,TFT16_Augment_IxtalCirclet,"Get an Ixtal Emblem, a Giant's Belt, and...a Lesser Duplicator!?"
16,?,Ixtal Crest,TFT16_Explorer,TFT16_Augment_IxtalCrest,Get an Ixtal Emblem.
16,?,Ixtal Crown,TFT16_Explorer,TFT16_Augment_IxtalCrown,"Get an Ixtal Emblem, a Neeko, and a Gargoyle Stoneplate."
16,?,Juggernaut Circlet,TFT16_Gunslinger,TFT16_Augment_JuggernautCirclet,"Get a Juggernaut Emblem, a Negatron Cloak, and a Swain."
16,?,Juggernaut Crest,TFT16_Juggernaut,TFT16_Augment_JuggernautCrest,Get a Juggernaut Emblem.
16,?,Juggernaut Crown,TFT16_Juggernaut,TFT16_Augment_JuggernautCrown,"Get a Juggernaut Emblem, a Cho'gath, and a Protector's Vow."
16,?,Longshot Circlet,TFT16_Longshot,TFT16_Augment_LongshotCirclet,"Get a Longshot Emblem, a Recurve Bow, and a Vayne."
16,?,Longshot Crest,TFT16_Juggernaut,TFT16_Augment_LongshotCrest,Get a Longshot Emblem.
16,?,Longshot Crown,TFT16_Longshot,TFT16_Augment_LongshotCrown,"Get a Longshot Emblem, a Teemo, and a Guinsoo's Rageblade."
16,?,Noxus Circlet,TFT16_Noxus,TFT16_Augment_NoxusCirclet,"Get an Noxus Emblem, an Ambessa, and a Sparring Glove."
16,?,Noxus Crest,TFT16_Noxus,TFT16_Augment_NoxusCrest,Get an Noxus Emblem.
16,?,Noxus Crown,TFT16_Noxus,TFT16_Augment_NoxusCrown,"Get an Noxus Emblem, a Sion, and a Protector's Vow."
16,?,Perfect Parry,TFT16_Vanquisher,TFT16_Augment_Vanquisher_PerfectParry,"Vanquishers have a chance to Parry equal to their Critical Strike Chance. When Parrying, they reduce their damage taken by 25%. Gain a Rek'Sai."
16,?,Piltover Circlet,TFT16_Piltover,TFT16_Augment_PiltoverCirclet,"Get a Piltover Emblem, a Seraphine, and a Tear of the Goddess."
16,?,Piltover Crest,TFT16_Piltover,TFT16_Augment_PiltoverCrest,Get a Piltover Emblem.
16,?,Piltover Crown,TFT16_Piltover,TFT16_Augment_PiltoverCrown,"Get a Piltover Crown, a Loris, and a Gargoyle Stoneplate."
16,?,Quickstriker Circlet,TFT16_Rapidfire,TFT16_Augment_QuickstrikerCirclet,"Get a Quickstriker Emblem, a Yunara, and a B.F. Sword."
16,?,Quickstriker Crest,TFT16_Rapidfire,TFT16_Augment_QuickstrikerCrest,Get a Quickstriker Emblem.
16,?,Quickstriker Crown,TFT16_Rapidfire,TFT16_Augment_QuickstrikerCrown,"Get a Quickstriker Emblem, an Ashe, and a Kraken's Fury."
16,?,Shiv Expert: Twisted Fate,,TFT16_Augment_ArtifactExpert_Shiv,"Get a Twisted Fate, a Statikk Shiv, and a Needlessly Large Rod."
16,?,Slayer Circlet,TFT16_Slayer,TFT16_Augment_SlayerCirclet,"Get a Slayer Emblem, a Bel'veth, and a Sparring Glove."
16,?,Slayer Crest,TFT16_Slayer,TFT16_Augment_SlayerCrest,Get a Slayer Emblem.
16,?,Slayer Crown,TFT16_Slayer,TFT16_Augment_SlayerCrown,"Get a Slayer Emblem, a Yasuo, and a Quicksilver."
16,?,Souls or Serpents,TFT16_Bilgewater|TFT16_ShadowIsles,TFT16_Augment_BilgewaterVsShadowIsles,[TFTUnitProperty.item:TFT16_Augment_BilgewaterVsShadowIsles_DescriptionTRA]
16,?,Spin to Win,TFT16_Noxus|TFT16_Demacia|TFT16_Ionia|TFT16_Void|TFT16_Defender|TFT16_Brawler|TFT16_Vanquisher|TFT16_Slayer,TFT16_TeamupAugment_SpinToWin,Gain a Yasuo and Rek'Sai. Each time your spinning champions spend 120 total Mana they permanently gain 8 Health and 0.5% Damage Amp. Fielding more increases their spin area by 1-hex.
16,?,The Darkin Aegis,,TFT16_Augment_DarkinWeapon_Aegis,"Gain the Darkin Aegis, a powerful Artifact for Tanks that grants the Darkin trait. Darkin heal the Tactician with takedowns."
16,?,The Darkin Bow,,TFT16_Augment_DarkinWeapon_Bow,"Gain the Darkin Bow, a powerful Artifact for Marksmen that grants the Darkin trait. Darkin heal the Tactician with takedowns."
16,?,The Darkin Scythe,,TFT16_Augment_DarkinWeapon_Scythe,"Gain the Darkin Scythe, a powerful Artifact for Attack Fighters that grants the Darkin trait. Darkin heal the Tactician with takedowns."
16,?,The Darkin Staff,,TFT16_Augment_DarkinWeapon_Staff,"Gain the Darkin Staff, a powerful Artifact for Magic Casters that grants the Darkin trait. Darkin heal the Tactician with takedowns."
16,?,The Trifarix,,TFT16_Augment_TheTrifarix,"Your 3 strongest champions gain 150 Health, 15% Damage Amp, and execute enemies under 15% Health."
16,?,Total Domination,TFT16_Slayer,TFT16_Augment_Slayer_TotalDomination,"Slayers gain 10% Damage Amp, plus 0% for every 2 surviving Slayers at the end of combat. Gain a Briar and a Qiyana. Current Damage Amp: [TFTUnitProperty.trait:TFT16_Augment_Slayer_TotalDomination_CurrentDA]%"
16,?,Total Domination+,TFT16_Slayer,TFT16_Augment_Slayer_TotalDominationPlus,"Slayers gain 21% Damage Amp, plus 0% for every 2 surviving Slayers at the end of combat. Gain a Briar and a Qiyana. Current Damage Amp: [TFTUnitProperty.trait:TFT16_Augment_Slayer_TotalDomination_CurrentDA]%"
16,?,Vanquisher Circlet,TFT16_Vanquisher,TFT16_Augment_VanquisherCirclet,"Get a Vanquisher Emblem, an Ambessa, and a B.F. Sword."
16,?,Vanquisher Crest,TFT16_Vanquisher,TFT16_Augment_VanquisherCrest,Get a Vanquisher Emblem.
16,?,Vanquisher Crown,TFT16_Vanquisher,TFT16_Augment_VanquisherCrown,"Get a Vanquisher Emblem, a Gangplank, and a Hand of Justice."
16,?,Void Circlet,TFT16_Void,TFT16_Augment_VoidCirclet,"Get a Void Emblem, a Bel'veth, and a Recurve Bow."
16,?,Void Crest,TFT16_Void,TFT16_Augment_VoidCrest,Get a Void Emblem.
16,?,Void Crown,TFT16_Void,TFT16_Augment_VoidCrown,"Get a Void Emblem, a Rek'Sai, and a Striker's Flail"
16,?,Warden Circlet,TFT16_Warden,TFT16_Augment_WardenCirclet,"Get a Warden Emblem, a Braum, and a Giant's Belt."
16,?,Warden Crest,TFT16_Warden,TFT16_Augment_WardenCrest,Get a Warden Emblem.
16,?,Warden Crown,TFT16_Warden,TFT16_Augment_WardenCrown,"Get a Warden Emblem, a Xin Zhao, and an Adaptive Helm."
16,?,Yordle Circlet,TFT16_Yordle,TFT16_Augment_YordleCirclet,"Get a Yordle Emblem, a Needlessly Large Rod, and...a Rabadon's Deathcap!?"
16,?,Yordle Crest,TFT16_Yordle,TFT16_Augment_YordleCrest,Get a Yordle Emblem.
16,?,Yordle Crown,TFT16_Yordle,TFT16_Augment_YordleCrown,"Get a Yordle Emblem, a Teemo, and a Rabadon's Deathcap."
16,?,Zaun Circlet,TFT16_Zaun,TFT16_Augment_ZaunCirclet,"Get a Zaun Emblem, a Recurve Bow, and...a 2-Star Vi!?"
16,?,Zaun Crest,TFT16_Zaun,TFT16_Augment_ZaunCrest,Get a Zaun Emblem.
16,?,Zaun Crown,TFT16_Zaun,TFT16_Augment_ZaunCrown,"Get a Zaun Emblem, a Giant Slayer, and an Ekko."
17,1-Silver,Bonk!,,TFT17_Augment_NasusCarry,Gain a Nasus. Your strongest Nasus becomes an Attack Fighter with a single target Ability that gets stronger with each kill.
17,1-Silver,Precise Smithing,,TFT17_MarketOffering_Augment_PreciseSmithing,"Reforging items and Artifacts grants an anvil of the same value instead. Gain 1 component and 2 reforger now, and 1 reforgers every stage. Includes components and Radiant Items, but does not affect Emblems or Tactician's Items."
17,1-Silver,Shieldmaiden,,TFT17_Augment_LeonaCarry,"Gain a Leona. Your strongest Leona becomes an Attack Fighter that dashes through enemies to deal physical damage, stunning the first target hit."
17,1-Silver,Stellar Combo,,TFT17_Augment_AatroxCarry,Gain an Aatrox. Your strongest Aatrox becomes an Attack Fighter with an ability that swaps between three different strikes.
17,1-Silver,Termeepnal Velocity,,TFT17_Augment_PoppyCarry,Gain a Poppy. Your strongest Poppy becomes a ranged Attack Caster that flings a high-velocity Meep at her target.
17,1-Silver,Yasuo's Golden Hex,,TFT17_Augment_YasuoGodAugment_GoldenHex,"Paint a Golden Hex. The unit in the hex gains 250 health, 25% attack speed, and drops 1 gold on kill."
17,2-Gold,Ahri's Boon,,TFT17_Augment_AhriGodAugment,Your team gains 2% Attack Damage and Ability Power per level. Gain 2 XP each round for the rest of the game.
17,2-Gold,Anima Commander,TFT17_AnimaSquad,TFT17_Augment_AnimaSquad_Commander,"Gain a Briar, a Jinx, and an Illaoi. Increase your current and max player Health by 5."
17,2-Gold,Apotheotic Forge,,TFT17_Augment_ApotheoticForge,Choose 1 of 4 Divine Artifacts. Artifacts are more powerful items with a unique effect.
17,2-Gold,Aurelion Sol's Boon,,TFT17_Augment_AurelionSolGodAugment,Choose 1 of 3 quests to prove yourself to Aurelion Sol. Chosen Quest: [TFTUnitProperty.item:TFT17_Augment_AurelionSolGodAugment]
17,2-Gold,Concentration,TFT17_ManaTrait,TFT17_Augment_Concentration,"Conduit Abilities last 25% to 50% longer, depending on the Ability. Gain a Zoe and a Mordekaiser."
17,2-Gold,Contract Killer,,TFT17_Augment_PykeCarry,"Gain a Pyke. Your strongest Pyke becomes an Attack Fighter, generates gold on team takedown, and gains a reset on-kill Ability."
17,2-Gold,Divine Amendment,TFT17_ADMIN,TFT17_Augment_Arbiter_DivineAmendment,Arbiters add a second effect to their law. Gain a Leona and a Zoe.
17,2-Gold,Ekko's Boon,,TFT17_Augment_EkkoGodAugment,"Gain the Anomaly, an item which grants units a powerful evolution depending on their role. Gain 2 Magnetic Removers."
17,2-Gold,Evelynn's Boon,,TFT17_Augment_EvelynnGodAugment,Your team gains 10% Durability. Lose an additional 1 Tactician Health when you lose combat.
17,2-Gold,Heat Death,,TFT17_Augment_MordekaiserCarry,Gain a Mordekaiser. Your strongest Mordkaiser becomes a Magic Fighter with a slowly growing aura that deals damage over time.
17,2-Gold,Invader Zed,,TFT17_Augment_InvaderZed,"Gain a Spear of Shojin. On Stage 4-2, gain a Zed. After receiving Zed, he can then appear in your shops. Zed is a 5-cost Attack Fighter that creates clones of himself."
17,2-Gold,Kayle's Boon,,TFT17_Augment_KayleGodAugment,"For each unique completed item on your team, your team gains 10 Health, 0% Attack Damage, and 1% Ability Power."
17,2-Gold,Lift Off,TFT17_HPTank,TFT17_Augment_Weightlifting,"At the start of each round, if the combined Health of all your unique Brawlers is high enough, gain a reward and increase the threshold (up to four times). Gain a Cho'Gath and a Gragas. [TFTUnitProperty.item:TFT17_Augment_Weightlifting_RewardName][TFTUnitProperty.item:TFT17_Augment_Weightlifting_CurrentHealth] / [TFTUnitProperty.item:TFT17_Augment_Weightlifting_MaxHealth]"
17,2-Gold,Loot Singularity,TFT17_DarkStar,TFT17_Augment_DarkStar_WhiteHole,"When the Black Hole consumes enemies, it turns them into space matter. After acquiring enough, the Black Hole turns it into loot! Gain a Cho'gath and a Lissandra. Space matter and loot quality increase each time. Gain 2/3/4 space matter depending on Dark Star breakpoint. Space Matter: [TFTUnitProperty.item:TFT17_Augment_DarkStar_WhiteHole_CurrentStacks] / [TFTUnitProperty.item:TFT17_Augment_DarkStar_WhiteHole_StacksToNextCashout]"
17,2-Gold,Reach for the Stars,,TFT17_Augment_JaxCarry,Gain a Jax. Your strongest Jax becomes a Magic Fighter that deal bonus magic damage on attack and gains stacking Attack Speed on cast.
17,2-Gold,Self Destruct,,TFT17_Augment_GragasCarry,"Gain a Gragas. Your strongest Gragas becomes a Magic Fighter with a massive explosion, but also damages himself."
17,2-Gold,Shepherd's Song,TFT17_SummonTrait,TFT17_Augment_ShepherdAugment,"On Stage 4-5, gain a Sona and a Shepherd Emblem."
17,2-Gold,Soraka's Boon,,TFT17_Augment_SorakaGodAugment,"Your team gains 2.5 Health for each missing player health. At the start of each player combat, gain an additional 1 player health."
17,2-Gold,TFT17_Augment_Psionic_EmergencySupplies_Name,TFT17_PsyOps,TFT17_Augment_EmergencySupplies,TFT17_Augment_Psionic_EmergencySupplies_Desc
17,2-Gold,The Big Bang,,TFT17_Augment_IvernMinionCarry,Gain a Meepsie. Your strongest Meepsie becomes a Magic Fighter that leaps to a nearby hex to deal damage in a large radius.
17,2-Gold,Thresh's Boon,,TFT17_Augment_ThreshGodAugment,"Each round, roll a die. Get a bonus based on that roll. Health: [TFTUnitProperty.item:TFT17_ThreshGodAugment_Health] Attack Speed: [TFTUnitProperty.item:TFT17_ThreshGodAugment_AttackSpeed]%"
17,2-Gold,Timestream,TFT17_Timebreaker,TFT17_Augment_Timebreaker_Timestream,"Your team gains 100 Health. Timebreakers gain 7 Health and 0.3% Attack Speed every time you reroll (including free rerolls). Gain an Ezreal and a Pantheon. (Health: [TFTUnitProperty.:TFT17_Augment_Timebreaker_Timestream_HP], Attack Speed: [TFTUnitProperty.:TFT17_Augment_Timebreaker_Timestream_AS*100]%)"
17,2-Gold,Tour of the Galaxy,TFT17_FlexTrait,TFT17_Augment_TourOfTheGalaxy,"Voyagers gain 130 Health, 12% Attack Damage, and 13% Ability Power, increased by 10% each time you fight a new player. You prefer to fight players you haven't fought recently. Gain a Pyke and a Meepsie."
17,2-Gold,Varus's Boon,,TFT17_Augment_VarusGodAugment_BoonOfStars,"Your team gains 15 health for each total star level in your army, and your 5 cost odds increase by 2%."
17,2-Gold,Yasuo's Boon,,TFT17_Augment_YasuoGodAugment_PaintedPower,"Increase the power of Yasuo's hexes by 50%. If you only have 2 hexes, gain 8 gold."
17,3-Prismatic,Heart of the Swarm,,TFT17_Augment_PrimordianPrismaticAugment,"All 3-star champions now count towards Swarmling power. At level 9, while fielding 6 unique 3-star champions, Primordians summon the Apex Primordian. Gain 3 Primordian Champions and 2 Tiny Duplicators. Unique 3-Star Champions Fielded: [TFTUnitProperty.item:TFT17_Augment_PrimordianPrismaticAugment_TotalStarredUnits] / 6 Levels: [TFTUnitProperty.item:TFT17_Augment_PrimordianPrismaticAugment_TotalLevel] / 9"
17,3-Prismatic,Shimmerscale Essence,,TFT17_MarketOffering_Augment_ShimmerscaleEssence,"Gain a Mogul's Mail. In [combatnum] rounds, gain a Gamblers Blade. These items give gold as well as combat power."
17,3-Prismatic,Starter Kit,,TFT17_MarketOffering_Augment_StarterKit,"Gain a 4-cost champion, a 2-star 1-cost champion that shares a trait with them, and 8 gold. At the start of the next 2 stages, gain that 4-cost champion again."
17,?,Augment Rerolls,,TFT17_MarketOffering_ExtraAugmentRollsPlus,You get +2 Augment rerolls for all future augment choices. Gain 6 gold.
17,?,Augment Rerolls,,TFT17_MarketOffering_ExtraAugmentRolls,You get +2 Augment rerolls for all future augment choices. Gain 4 gold.
17,?,Augment Wheel,,TFT17_MarketOffering_AugmentWheel,"Gain either: 1 random Prismatic augment, 2 random Gold augments, or 3 random Silver augments and [SilverGold] gold."
17,?,Blood Price,,TFT17_Augment_EvelynnGodAugment_BloodPrice,Gain 25 Tactician Health. Your rightmost shop slot costs Tactician Health instead of gold.
17,?,Boon of Resurrection,,TFT17_Augment_AurelionSolGodAugment_BoonOfResurrection,"The first time you would be eliminated, instead remain at 1 Health"
17,?,Boon of the Scrapper,,TFT17_Augment_KayleGodAugment_Scrapper,Combat start: Up to 3 components temporarily turn into completed items. Gain 3 removers and a salvager. Salvagers allow you to break completed items into components
17,?,Divine Paladins,TFT17_ShieldTank,TFT17_Augment_ShieldTank_DivinePaladins,"Vanguard shields are 25% stronger and explode when broken, dealing 500 magic damage split between enemies in a 2-hex radius."
17,?,Gold Augment,,TFT17_MarketOffering_GoldAugment,Open an armory of 3 Gold augments and choose one.
17,?,Level Up!,,TFT17_MarketOffering_Augment_LevelUp,"When you buy XP, gain an additional 2. Gain 12 immediately."
17,?,Meep King,,TFT17_Augment_Astronaut_KingMeep,Gain one of the four Meeplords. (Power scales with Stage.)
17,?,Neutron Star,TFT17_DarkStar,TFT17_Augment_DarkStar_NeutronStar,Every star level of unique Dark Star units you field increases the execute threshold by 0%. Gain a Cho'gath and Lissandra. Bonus Execute Percent: [TFTUnitProperty.item:TFT17_Augment_DarkStar_NeutronStar_BonusExecutePercent*100]%
17,?,Prismatic Augment,,TFT17_MarketOffering_PrismaticAugment,Open an armory of 3 Prismatic augments and choose one.
17,?,Silver Augment,,TFT17_MarketOffering_SilverAugment,Open an armory of 3 Silver augments and choose one.
17,?,Sniper's Nest,TFT17_RangedTrait,TFT17_Augment_SnipersNest,"Snipers gain 8% Damage Amp for each combat fought from the same starting hex, up to 32%. Gain an Ezreal and a Gnar."
17,?,Trade Sector,,TFT17_MarketOffering_Augment_TradeSectorPlus,Gain a free Shop reroll every round. Gain 4 gold.
17,?,Yasuo's Share The Spotlight,,TFT17_Augment_YasuoGodAugment_MoreHexes,Yasuo's hexes also affect adjacent units at 100% effectiveness.
17,?,Your team gains @SmallQuestADAP@ Attack Damage and Ability Power.,,TFT17_Augment_AurelionSolGodAugment_SmallQuest,Your team gains 15 Attack Damage and Ability Power.
